PatientPK,SiteID,EnrollmentDate,RandomizedFlag,RandomizationDate
1,S001,2025-06-01,1,2025-06-04
2,S002,2025-06-16,0,
3,S001,2025-07-26,1,2025-08-22
4,S003,2025-04-08,1,2025-07-05
5,S003,2025-01-21,1,2025-08-21
6,S003,2025-01-12,0,
7,S001,2025-03-13,1,2025-06-14
8,S001,2025-01-19,0,
9,S003,2025-06-26,1,2025-08-06
10,S004,2025-03-10,1,2025-08-02
11,S003,2025-02-06,1,2025-04-10
12,S002,2025-04-03,1,2025-05-08
13,S002,2025-02-10,0,
14,S001,2025-05-22,0,
15,S002,2025-06-14,1,2025-07-21
16,S002,2025-05-09,0,
17,S003,2025-06-05,1,2025-07-22
18,S004,2025-03-24,1,2025-04-21
19,S004,2025-03-03,0,
20,S004,2025-02-02,1,2025-06-03
21,S003,2025-08-26,1,2025-08-31
22,S002,2025-04-23,0,
23,S001,2025-02-28,1,2025-03-01
24,S001,2025-03-26,1,2025-05-25
25,S003,2025-05-02,1,2025-07-01
26,S003,2025-04-16,1,2025-04-29
27,S001,2025-07-24,0,
28,S001,2025-04-29,1,2025-08-25
29,S004,2025-05-19,0,
30,S004,2025-05-04,1,2025-06-24
31,S003,2025-07-20,1,2025-08-16
32,S004,2025-02-09,1,2025-04-05
33,S004,2025-01-13,1,2025-05-21
34,S003,2025-02-17,1,2025-03-06
35,S001,2025-05-29,1,2025-08-16
36,S001,2025-06-21,0,
37,S001,2025-08-26,0,
38,S004,2025-02-24,1,2025-03-29
39,S003,2025-04-23,0,
40,S001,2025-06-20,0,
41,S001,2025-08-16,1,2025-08-20
42,S001,2025-08-07,1,2025-08-22
43,S003,2025-03-12,1,2025-06-05
44,S001,2025-06-30,1,2025-06-30
45,S001,2025-08-02,1,2025-08-19
46,S003,2025-02-23,0,
47,S004,2025-07-11,1,2025-07-26
48,S001,2025-02-15,0,
49,S001,2025-03-05,1,2025-08-31
50,S003,2025-08-24,1,2025-08-28
51,S004,2025-03-26,1,2025-04-12
52,S001,2025-05-18,1,2025-05-21
53,S002,2025-06-02,1,2025-07-12
54,S001,2025-03-07,1,2025-06-26
55,S001,2025-06-21,1,2025-08-15
56,S001,2025-02-01,0,
57,S003,2025-05-22,1,2025-07-14
58,S001,2025-03-19,1,2025-03-19
59,S001,2025-04-30,1,2025-07-25
60,S003,2025-06-18,1,2025-08-22
61,S001,2025-03-21,1,2025-05-10
62,S002,2025-04-17,0,
63,S004,2025-06-17,0,
64,S003,2025-02-15,0,
65,S003,2025-02-04,0,
66,S002,2025-07-28,0,
67,S003,2025-08-09,1,2025-08-17
68,S001,2025-06-10,1,2025-08-05
69,S003,2025-02-05,1,2025-05-14
70,S003,2025-04-30,1,2025-05-26
71,S002,2025-08-14,0,
72,S002,2025-08-17,0,
73,S001,2025-02-26,1,2025-06-30
74,S004,2025-08-04,1,2025-08-08
75,S001,2025-01-07,1,2025-04-26
76,S004,2025-04-27,1,2025-08-02
77,S002,2025-01-21,1,2025-07-31
78,S004,2025-06-16,1,2025-06-19
79,S002,2025-05-02,0,
80,S003,2025-06-05,0,
81,S002,2025-01-07,0,
82,S003,2025-06-01,0,
83,S003,2025-07-26,1,2025-08-31
84,S003,2025-06-15,1,2025-08-07
85,S002,2025-02-09,1,2025-08-15
86,S003,2025-05-04,1,2025-08-17
87,S002,2025-08-14,1,2025-08-28
88,S001,2025-05-05,1,2025-08-15
89,S001,2025-01-03,1,2025-02-20
90,S002,2025-05-02,0,
91,S002,2025-03-04,1,2025-07-30
92,S001,2025-04-01,0,
93,S003,2025-07-10,1,2025-08-27
94,S004,2025-07-14,1,2025-08-01
95,S001,2025-01-04,0,
96,S002,2025-06-13,0,
97,S001,2025-03-29,1,2025-04-11
98,S001,2025-01-19,1,2025-07-13
99,S003,2025-01-31,1,2025-05-17
100,S004,2025-08-21,1,2025-08-30
101,S003,2025-08-31,0,
102,S002,2025-01-20,1,2025-05-04
103,S002,2025-03-14,0,
104,S001,2025-06-19,0,
105,S003,2025-02-06,1,2025-03-20
106,S003,2025-02-01,1,2025-04-19
107,S003,2025-06-03,1,2025-07-28
108,S004,2025-08-09,1,2025-08-09
109,S004,2025-05-13,0,
110,S001,2025-05-01,1,2025-06-12
111,S002,2025-03-15,0,
112,S004,2025-03-24,1,2025-07-05
113,S003,2025-01-14,1,2025-04-16
114,S002,2025-05-21,1,2025-06-26
115,S001,2025-03-03,0,
116,S002,2025-08-31,1,2025-08-31
117,S001,2025-05-04,0,
118,S004,2025-07-11,0,
119,S001,2025-05-10,1,2025-05-10
120,S001,2025-02-08,1,2025-06-11
121,S001,2025-02-18,0,
122,S002,2025-07-10,1,2025-08-30
123,S001,2025-01-10,1,2025-06-10
124,S002,2025-01-04,0,
125,S003,2025-06-09,0,
126,S004,2025-03-23,0,
127,S001,2025-06-11,0,
128,S003,2025-08-12,1,2025-08-17
129,S001,2025-04-02,1,2025-05-09
130,S002,2025-01-21,0,
131,S002,2025-04-29,0,
132,S004,2025-05-20,1,2025-07-15
133,S001,2025-04-27,0,
134,S001,2025-04-02,1,2025-06-16
135,S004,2025-06-25,0,
136,S001,2025-07-24,1,2025-08-15
137,S001,2025-06-18,0,
138,S003,2025-04-23,1,2025-07-25
139,S004,2025-02-21,1,2025-07-09
140,S002,2025-08-22,0,
141,S004,2025-01-20,1,2025-03-18
142,S002,2025-07-22,1,2025-08-07
143,S004,2025-04-08,0,
144,S001,2025-03-25,0,
145,S001,2025-06-16,1,2025-07-03
146,S002,2025-08-16,1,2025-08-28
147,S004,2025-07-10,0,
148,S001,2025-01-09,0,
149,S001,2025-04-05,1,2025-07-05
150,S002,2025-02-24,0,
151,S002,2025-05-25,1,2025-08-30
152,S002,2025-02-07,0,
153,S001,2025-07-24,1,2025-07-25
154,S003,2025-02-14,1,2025-03-18
155,S002,2025-04-03,1,2025-04-30
156,S001,2025-03-19,1,2025-03-26
157,S001,2025-07-02,0,
158,S002,2025-06-09,0,
159,S001,2025-05-10,0,
160,S004,2025-08-10,1,2025-08-24
161,S003,2025-01-25,1,2025-04-15
162,S001,2025-01-24,0,
163,S002,2025-01-16,1,2025-06-08
164,S003,2025-04-19,0,
165,S002,2025-05-10,1,2025-08-02
166,S003,2025-07-15,1,2025-07-29
167,S004,2025-06-14,1,2025-08-30
168,S002,2025-07-15,1,2025-08-05
169,S004,2025-02-06,0,
170,S003,2025-03-29,1,2025-06-16
171,S001,2025-02-10,0,
172,S003,2025-04-24,1,2025-06-18
173,S001,2025-06-01,1,2025-08-25
174,S003,2025-03-19,0,
175,S002,2025-07-11,1,2025-07-19
176,S002,2025-04-01,1,2025-04-11
177,S002,2025-05-27,1,2025-08-16
178,S003,2025-08-31,0,
179,S002,2025-04-22,1,2025-05-12
180,S002,2025-05-11,0,
181,S001,2025-06-15,0,
182,S001,2025-07-14,0,
183,S003,2025-05-29,1,2025-08-09
184,S003,2025-04-23,1,2025-08-14
185,S001,2025-03-21,1,2025-03-30
186,S002,2025-06-02,1,2025-07-31
187,S001,2025-05-27,0,
188,S001,2025-07-27,0,
189,S002,2025-07-01,1,2025-07-29
190,S003,2025-04-15,0,
191,S001,2025-01-25,1,2025-05-03
192,S003,2025-02-08,1,2025-07-07
193,S001,2025-04-11,1,2025-05-02
194,S003,2025-06-29,0,
195,S001,2025-05-11,1,2025-06-26
196,S001,2025-02-27,0,
197,S001,2025-07-09,0,
198,S003,2025-02-09,1,2025-08-05
199,S001,2025-04-04,0,
200,S003,2025-05-17,1,2025-08-28
201,S003,2025-04-29,0,
202,S001,2025-06-04,1,2025-07-06
203,S001,2025-08-05,1,2025-08-08
204,S004,2025-08-01,1,2025-08-31
205,S001,2025-01-14,1,2025-04-19
206,S001,2025-08-03,0,
207,S002,2025-08-01,1,2025-08-23
208,S003,2025-08-02,1,2025-08-25
209,S003,2025-01-13,1,2025-06-25
210,S002,2025-05-18,1,2025-07-22
211,S003,2025-03-03,1,2025-04-19
212,S002,2025-05-10,0,
213,S002,2025-04-06,1,2025-04-10
214,S001,2025-07-17,1,2025-08-07
215,S004,2025-07-19,0,
216,S001,2025-07-18,0,
217,S004,2025-08-27,1,2025-08-30
218,S004,2025-03-15,1,2025-03-27
219,S001,2025-07-10,1,2025-08-03
220,S001,2025-07-25,1,2025-08-21
221,S001,2025-01-27,1,2025-07-15
222,S003,2025-03-31,1,2025-06-29
223,S002,2025-06-21,0,
224,S002,2025-06-05,0,
225,S001,2025-04-09,0,
226,S002,2025-07-15,1,2025-07-23
227,S002,2025-07-08,1,2025-08-10
228,S001,2025-02-24,0,
229,S002,2025-01-19,1,2025-07-20
230,S002,2025-03-30,0,
231,S001,2025-08-26,0,
232,S002,2025-07-22,1,2025-08-14
233,S002,2025-08-15,1,2025-08-24
234,S003,2025-05-28,1,2025-07-07
235,S001,2025-07-19,1,2025-08-25
236,S001,2025-02-01,1,2025-04-19
237,S003,2025-08-05,1,2025-08-11
238,S002,2025-01-24,1,2025-03-08
239,S002,2025-03-28,0,
240,S003,2025-05-28,1,2025-06-23
241,S001,2025-03-16,0,
242,S001,2025-01-19,0,
243,S001,2025-03-22,0,
244,S001,2025-04-05,1,2025-05-02
245,S004,2025-01-13,1,2025-04-21
246,S001,2025-07-04,1,2025-08-21
247,S002,2025-01-06,1,2025-04-16
248,S003,2025-03-14,1,2025-08-28
249,S003,2025-08-14,1,2025-08-25
250,S002,2025-04-03,1,2025-04-21
251,S002,2025-06-06,1,2025-06-18
252,S001,2025-06-04,1,2025-08-07
253,S002,2025-04-27,1,2025-08-19
254,S002,2025-07-09,0,
255,S002,2025-03-18,1,2025-03-22
256,S003,2025-08-19,0,
257,S002,2025-02-28,0,
258,S001,2025-07-30,0,
259,S002,2025-04-18,1,2025-06-09
260,S002,2025-01-16,0,
261,S002,2025-03-22,0,
262,S001,2025-06-14,0,
263,S004,2025-02-27,0,
264,S004,2025-03-23,1,2025-08-13
265,S003,2025-05-20,1,2025-07-09
266,S002,2025-07-02,1,2025-08-30
267,S001,2025-08-27,1,2025-08-29
268,S001,2025-08-20,1,2025-08-30
269,S004,2025-07-17,1,2025-08-21
270,S001,2025-06-16,1,2025-07-22
271,S004,2025-03-01,1,2025-03-10
272,S001,2025-04-12,0,
273,S004,2025-03-18,1,2025-04-14
274,S001,2025-05-07,0,
275,S003,2025-02-11,0,
276,S001,2025-06-22,0,
277,S001,2025-03-25,1,2025-04-18
278,S004,2025-04-09,1,2025-06-16
279,S001,2025-04-03,0,
280,S003,2025-08-25,0,
281,S002,2025-06-07,1,2025-06-24
282,S003,2025-05-21,0,
283,S002,2025-07-13,1,2025-07-18
284,S004,2025-01-16,0,
285,S001,2025-05-14,1,2025-08-09
286,S002,2025-01-15,1,2025-05-26
287,S001,2025-01-06,1,2025-08-03
288,S004,2025-01-17,1,2025-02-01
289,S003,2025-02-16,0,
290,S004,2025-04-25,0,
291,S001,2025-06-17,0,
292,S004,2025-08-02,1,2025-08-02
293,S001,2025-07-30,1,2025-08-28
294,S003,2025-07-27,0,
295,S002,2025-01-26,1,2025-05-20
296,S003,2025-04-23,1,2025-06-17
297,S001,2025-08-23,0,
298,S001,2025-08-13,1,2025-08-29
299,S002,2025-06-10,0,
300,S002,2025-07-21,1,2025-08-16
301,S001,2025-08-06,1,2025-08-28
302,S001,2025-05-16,1,2025-06-16
303,S001,2025-05-18,0,
304,S002,2025-01-19,1,2025-08-01
305,S004,2025-08-21,1,2025-08-24
306,S002,2025-06-04,0,
307,S001,2025-05-17,0,
308,S001,2025-07-04,1,2025-08-26
309,S001,2025-02-26,0,
310,S002,2025-02-09,1,2025-04-08
311,S002,2025-03-07,0,
312,S003,2025-07-23,1,2025-07-31
313,S001,2025-05-15,1,2025-08-31
314,S001,2025-08-04,0,
315,S004,2025-06-08,0,
316,S002,2025-05-22,1,2025-05-24
317,S003,2025-06-28,0,
318,S001,2025-03-03,1,2025-07-15
319,S001,2025-04-28,1,2025-07-26
320,S002,2025-01-09,1,2025-04-16
321,S003,2025-05-08,0,
322,S004,2025-02-28,1,2025-08-24
323,S001,2025-08-19,1,2025-08-29
324,S003,2025-07-12,0,
325,S003,2025-08-02,0,
326,S002,2025-06-26,0,
327,S003,2025-01-20,1,2025-08-04
328,S002,2025-03-11,0,
329,S001,2025-06-24,1,2025-08-11
330,S001,2025-03-10,1,2025-08-19
331,S001,2025-04-24,1,2025-07-02
332,S002,2025-04-15,1,2025-05-07
333,S003,2025-03-16,1,2025-04-06
334,S001,2025-02-13,0,
335,S002,2025-04-22,1,2025-07-07
336,S002,2025-05-07,1,2025-06-01
337,S002,2025-06-08,1,2025-07-20
338,S002,2025-03-18,1,2025-05-08
339,S004,2025-06-27,0,
340,S001,2025-01-30,0,
341,S001,2025-07-06,1,2025-08-20
342,S001,2025-05-08,1,2025-06-15
343,S002,2025-04-25,0,
344,S003,2025-05-20,1,2025-07-05
345,S002,2025-07-16,1,2025-08-27
346,S001,2025-04-13,0,
347,S002,2025-05-11,0,
348,S003,2025-07-17,0,
349,S001,2025-04-17,0,
350,S002,2025-04-27,0,
351,S003,2025-03-23,1,2025-04-03
352,S002,2025-07-24,1,2025-08-08
353,S001,2025-07-24,1,2025-08-04
354,S001,2025-04-26,1,2025-08-03
355,S002,2025-01-27,0,
356,S001,2025-08-09,1,2025-08-29
357,S003,2025-08-05,1,2025-08-10
358,S001,2025-06-22,1,2025-07-07
359,S002,2025-04-18,1,2025-07-25
360,S001,2025-05-23,1,2025-06-28
361,S002,2025-05-05,1,2025-08-17
362,S002,2025-04-17,0,
363,S001,2025-01-09,1,2025-05-26
364,S001,2025-05-11,1,2025-05-25
365,S004,2025-07-04,1,2025-07-17
366,S002,2025-08-12,0,
367,S004,2025-07-27,1,2025-08-18
368,S003,2025-02-22,0,
369,S001,2025-03-24,0,
370,S003,2025-01-25,1,2025-08-05
371,S003,2025-08-10,1,2025-08-14
372,S003,2025-02-06,1,2025-04-15
373,S003,2025-05-12,0,
374,S003,2025-01-01,0,
375,S003,2025-04-02,0,
376,S001,2025-03-24,0,
377,S003,2025-07-15,1,2025-07-21
378,S002,2025-04-27,1,2025-08-27
379,S004,2025-02-10,0,
380,S001,2025-08-20,0,
381,S001,2025-06-17,1,2025-06-29
382,S003,2025-04-24,1,2025-07-20
383,S001,2025-02-28,1,2025-03-26
384,S002,2025-06-23,1,2025-08-29
385,S004,2025-06-10,0,
386,S002,2025-02-05,0,
387,S001,2025-03-12,0,
388,S004,2025-08-06,0,
389,S003,2025-03-17,0,
390,S001,2025-05-08,0,
391,S002,2025-04-10,0,
392,S001,2025-01-19,1,2025-02-05
393,S002,2025-03-15,0,
394,S001,2025-05-18,0,
395,S001,2025-03-25,1,2025-04-10
396,S001,2025-01-23,0,
397,S003,2025-07-09,1,2025-07-09
398,S001,2025-07-20,0,
399,S001,2025-08-15,1,2025-08-15
400,S002,2025-06-10,1,2025-08-07
401,S004,2025-03-07,0,
402,S001,2025-01-12,0,
403,S001,2025-08-27,0,
404,S001,2025-03-24,1,2025-06-13
405,S004,2025-02-15,1,2025-06-27
406,S002,2025-08-05,1,2025-08-07
407,S002,2025-06-09,1,2025-07-26
408,S001,2025-07-14,0,
409,S001,2025-08-03,0,
410,S004,2025-03-20,1,2025-08-02
411,S004,2025-01-24,1,2025-03-24
412,S001,2025-01-22,1,2025-05-31
413,S001,2025-06-19,0,
414,S001,2025-08-01,0,
415,S001,2025-07-17,1,2025-07-26
416,S002,2025-07-17,1,2025-08-05
417,S003,2025-07-31,0,
418,S002,2025-03-05,0,
419,S002,2025-04-14,0,
420,S004,2025-01-04,1,2025-07-22
421,S002,2025-08-29,0,
422,S003,2025-08-20,0,
423,S001,2025-01-11,0,
424,S001,2025-01-08,1,2025-04-27
425,S003,2025-01-09,0,
426,S001,2025-01-16,1,2025-04-24
427,S004,2025-07-25,1,2025-07-26
428,S002,2025-08-22,1,2025-08-27
429,S002,2025-07-19,1,2025-08-18
430,S003,2025-06-18,1,2025-08-25
431,S001,2025-07-24,1,2025-08-04
432,S002,2025-01-08,0,
433,S001,2025-03-21,1,2025-03-30
434,S001,2025-03-26,0,
435,S004,2025-01-06,1,2025-07-05
436,S003,2025-04-06,0,
437,S003,2025-07-07,0,
438,S003,2025-06-27,0,
439,S001,2025-03-20,0,
440,S004,2025-08-06,0,
441,S001,2025-06-13,1,2025-08-15
442,S003,2025-08-15,0,
443,S002,2025-03-09,1,2025-03-26
444,S004,2025-07-07,1,2025-07-17
445,S002,2025-08-01,1,2025-08-28
446,S001,2025-08-05,1,2025-08-05
447,S001,2025-07-07,1,2025-07-12
448,S003,2025-08-30,0,
449,S003,2025-04-15,0,
450,S002,2025-01-25,1,2025-06-20
451,S003,2025-03-17,0,
452,S002,2025-03-16,0,
453,S002,2025-03-09,1,2025-07-26
454,S001,2025-03-09,1,2025-05-15
455,S003,2025-01-25,1,2025-04-23
456,S002,2025-08-04,1,2025-08-20
457,S004,2025-05-02,1,2025-06-21
458,S003,2025-05-27,0,
459,S002,2025-07-26,1,2025-07-28
460,S004,2025-08-02,1,2025-08-12
461,S002,2025-05-22,1,2025-06-26
462,S001,2025-05-14,0,
463,S003,2025-05-25,0,
464,S002,2025-04-09,0,
465,S002,2025-06-05,0,
466,S004,2025-07-10,1,2025-07-27
467,S003,2025-08-04,1,2025-08-26
468,S001,2025-07-18,0,
469,S003,2025-08-22,0,
470,S003,2025-07-22,1,2025-08-10
471,S003,2025-02-14,1,2025-04-06
472,S002,2025-02-20,1,2025-06-18
473,S004,2025-05-06,1,2025-05-28
474,S003,2025-08-17,1,2025-08-30
475,S003,2025-02-24,0,
476,S003,2025-08-10,0,
477,S003,2025-07-25,1,2025-08-10
478,S004,2025-04-19,0,
479,S002,2025-07-31,0,
480,S001,2025-06-02,0,
481,S003,2025-08-09,1,2025-08-29
482,S003,2025-03-03,0,
483,S003,2025-02-05,0,
484,S004,2025-07-08,1,2025-08-22
485,S002,2025-05-17,0,
486,S001,2025-06-18,0,
487,S001,2025-05-24,0,
488,S001,2025-02-27,0,
489,S002,2025-04-29,0,
490,S004,2025-08-16,1,2025-08-19
491,S004,2025-02-21,1,2025-07-16
492,S003,2025-07-19,1,2025-08-09
493,S001,2025-02-23,0,
494,S002,2025-06-07,1,2025-07-31
495,S004,2025-07-07,1,2025-07-07
496,S001,2025-06-10,0,
497,S003,2025-05-31,1,2025-06-08
498,S004,2025-05-15,1,2025-08-10
499,S003,2025-08-31,0,
500,S001,2025-01-06,1,2025-02-18
501,S002,2025-07-17,1,2025-07-20
502,S002,2025-06-26,1,2025-08-21
503,S001,2025-06-25,0,
504,S002,2025-06-29,1,2025-07-12
505,S003,2025-02-20,0,
506,S002,2025-03-17,1,2025-08-04
507,S004,2025-01-04,0,
508,S001,2025-05-11,1,2025-08-11
509,S004,2025-01-13,1,2025-02-26
510,S004,2025-07-09,1,2025-08-26
511,S004,2025-04-02,0,
512,S001,2025-01-30,1,2025-05-26
513,S001,2025-08-15,0,
514,S002,2025-04-17,0,
515,S004,2025-04-02,0,
516,S002,2025-08-24,1,2025-08-30
517,S004,2025-06-23,1,2025-07-21
518,S003,2025-06-08,1,2025-08-31
519,S004,2025-08-03,0,
520,S004,2025-08-06,1,2025-08-21
521,S003,2025-01-13,1,2025-06-02
522,S002,2025-05-27,1,2025-07-29
523,S003,2025-04-14,1,2025-04-14
524,S002,2025-05-24,1,2025-08-17
525,S003,2025-04-27,1,2025-08-03
526,S001,2025-01-25,0,
527,S001,2025-05-14,1,2025-05-27
528,S001,2025-04-15,1,2025-06-04
529,S001,2025-03-28,1,2025-07-12
530,S001,2025-06-18,1,2025-08-21
531,S003,2025-08-03,1,2025-08-19
532,S003,2025-02-02,1,2025-07-20
533,S001,2025-08-23,0,
534,S003,2025-02-04,1,2025-07-08
535,S004,2025-03-22,0,
536,S004,2025-06-25,1,2025-07-11
537,S003,2025-06-13,1,2025-06-27
538,S003,2025-06-22,0,
539,S001,2025-01-28,1,2025-03-06
540,S003,2025-06-24,1,2025-07-01
541,S003,2025-04-26,1,2025-06-22
542,S004,2025-06-27,0,
543,S001,2025-01-14,1,2025-03-19
544,S002,2025-06-30,0,
545,S001,2025-03-17,1,2025-04-05
546,S001,2025-03-13,1,2025-04-15
547,S002,2025-01-11,1,2025-04-03
548,S002,2025-05-06,0,
549,S001,2025-05-14,1,2025-07-17
550,S001,2025-06-19,1,2025-08-04
551,S001,2025-07-12,0,
552,S004,2025-08-24,0,
553,S001,2025-03-07,1,2025-05-18
554,S003,2025-05-05,1,2025-08-27
555,S001,2025-05-18,1,2025-08-06
556,S003,2025-08-02,1,2025-08-19
557,S001,2025-08-29,1,2025-08-31
558,S002,2025-02-15,0,
559,S002,2025-04-26,0,
560,S003,2025-07-04,0,
561,S001,2025-01-28,1,2025-07-22
562,S002,2025-07-30,0,
563,S004,2025-06-12,1,2025-07-29
564,S002,2025-01-02,1,2025-04-12
565,S001,2025-03-30,1,2025-08-08
566,S002,2025-02-16,0,
567,S001,2025-05-21,1,2025-08-14
568,S001,2025-02-02,0,
569,S003,2025-04-26,1,2025-07-13
570,S003,2025-02-13,1,2025-04-17
571,S004,2025-06-23,0,
572,S001,2025-01-28,1,2025-07-02
573,S003,2025-03-09,0,
574,S002,2025-01-08,0,
575,S002,2025-05-20,0,
576,S001,2025-05-31,0,
577,S003,2025-01-03,0,
578,S003,2025-04-25,1,2025-06-01
579,S001,2025-01-17,1,2025-03-17
580,S001,2025-08-23,1,2025-08-23
581,S001,2025-03-12,0,
582,S003,2025-05-31,0,
583,S002,2025-04-14,1,2025-07-11
584,S003,2025-02-12,1,2025-06-23
585,S002,2025-07-29,1,2025-08-12
586,S003,2025-02-23,1,2025-08-07
587,S001,2025-02-04,0,
588,S004,2025-04-14,1,2025-04-18
589,S004,2025-06-05,0,
590,S001,2025-05-30,0,
591,S001,2025-08-25,1,2025-08-29
592,S003,2025-08-09,0,
593,S002,2025-06-03,1,2025-08-10
594,S002,2025-07-31,1,2025-08-27
595,S003,2025-08-29,0,
596,S002,2025-01-26,1,2025-04-01
597,S003,2025-04-15,1,2025-04-16
598,S003,2025-04-07,0,
599,S002,2025-05-30,1,2025-08-06
600,S002,2025-02-22,1,2025-07-14
601,S002,2025-03-30,0,
602,S004,2025-04-25,0,
603,S003,2025-05-21,0,
604,S002,2025-01-24,0,
605,S003,2025-01-21,0,
606,S001,2025-07-02,0,
607,S004,2025-02-21,0,
608,S003,2025-05-13,0,
609,S003,2025-01-23,0,
610,S001,2025-01-04,0,
611,S001,2025-03-31,1,2025-06-09
612,S001,2025-03-08,1,2025-07-15
613,S001,2025-08-13,1,2025-08-31
614,S002,2025-03-28,0,
615,S003,2025-03-08,1,2025-08-17
616,S003,2025-04-01,1,2025-04-03
617,S002,2025-07-30,1,2025-08-10
618,S001,2025-06-24,0,
619,S003,2025-02-28,1,2025-05-02
620,S003,2025-06-19,1,2025-06-19
621,S004,2025-03-22,1,2025-08-16
622,S001,2025-02-26,0,
623,S002,2025-03-30,1,2025-05-13
624,S002,2025-01-04,0,
625,S002,2025-05-21,1,2025-06-24
626,S002,2025-04-18,0,
627,S003,2025-05-28,0,
628,S002,2025-04-08,1,2025-05-16
629,S003,2025-05-17,0,
630,S001,2025-01-26,0,
631,S002,2025-07-10,1,2025-08-02
632,S004,2025-02-01,1,2025-07-24
633,S003,2025-07-19,1,2025-08-08
634,S004,2025-06-07,1,2025-08-26
635,S002,2025-06-11,0,
636,S003,2025-03-23,0,
637,S003,2025-08-09,0,
638,S003,2025-01-06,1,2025-03-07
639,S004,2025-04-12,1,2025-04-28
640,S001,2025-07-15,0,
641,S002,2025-02-28,1,2025-05-11
642,S004,2025-06-19,1,2025-07-30
643,S002,2025-04-24,1,2025-06-08
644,S002,2025-05-15,0,
645,S001,2025-03-20,1,2025-05-25
646,S003,2025-03-15,1,2025-03-17
647,S002,2025-04-21,0,
648,S003,2025-04-22,1,2025-06-02
649,S002,2025-04-19,0,
650,S002,2025-03-14,0,
651,S003,2025-03-16,1,2025-07-10
652,S001,2025-02-08,1,2025-06-24
653,S001,2025-07-06,1,2025-07-11
654,S001,2025-04-29,0,
655,S002,2025-07-18,1,2025-08-21
656,S003,2025-01-04,1,2025-07-19
657,S002,2025-02-20,1,2025-03-16
658,S001,2025-02-10,0,
659,S004,2025-03-18,1,2025-03-31
660,S002,2025-01-04,1,2025-03-15
661,S002,2025-06-26,1,2025-07-15
662,S004,2025-03-28,0,
663,S001,2025-05-18,0,
664,S001,2025-08-17,1,2025-08-20
665,S002,2025-06-30,1,2025-07-18
666,S003,2025-07-07,1,2025-08-31
667,S002,2025-04-26,1,2025-07-02
668,S003,2025-02-17,0,
669,S003,2025-06-18,0,
670,S003,2025-06-06,1,2025-07-28
671,S001,2025-08-29,1,2025-08-29
672,S002,2025-04-10,0,
673,S004,2025-07-03,1,2025-08-31
674,S002,2025-07-25,0,
675,S001,2025-07-01,1,2025-08-09
676,S001,2025-05-13,1,2025-08-13
677,S002,2025-06-10,0,
678,S003,2025-04-02,0,
679,S002,2025-04-13,1,2025-05-23
680,S002,2025-03-25,0,
681,S003,2025-05-25,1,2025-07-12
682,S004,2025-01-01,0,
683,S001,2025-03-18,0,
684,S001,2025-05-11,1,2025-07-23
685,S001,2025-08-16,1,2025-08-23
686,S003,2025-01-20,0,
687,S002,2025-07-29,0,
688,S001,2025-07-19,1,2025-08-09
689,S003,2025-07-17,1,2025-08-27
690,S002,2025-03-20,1,2025-06-09
691,S002,2025-06-22,0,
692,S001,2025-04-21,1,2025-07-30
693,S002,2025-04-13,1,2025-07-24
694,S002,2025-02-20,1,2025-08-05
695,S001,2025-01-19,1,2025-05-09
696,S001,2025-04-04,1,2025-06-25
697,S002,2025-07-30,0,
698,S001,2025-06-25,1,2025-07-05
699,S001,2025-08-02,0,
700,S001,2025-03-26,1,2025-08-10
701,S003,2025-07-06,0,
702,S001,2025-01-12,1,2025-01-27
703,S003,2025-08-30,1,2025-08-31
704,S003,2025-03-16,0,
705,S002,2025-05-05,0,
706,S002,2025-01-06,1,2025-08-30
707,S001,2025-06-25,1,2025-08-02
708,S004,2025-03-07,0,
709,S003,2025-02-08,1,2025-05-19
710,S002,2025-06-10,0,
711,S003,2025-04-25,1,2025-06-16
712,S002,2025-06-26,0,
713,S001,2025-08-27,1,2025-08-28
714,S003,2025-08-03,0,
715,S003,2025-04-24,0,
716,S004,2025-02-03,1,2025-08-17
717,S002,2025-03-01,1,2025-03-07
718,S001,2025-07-02,0,
719,S004,2025-01-09,1,2025-01-12
720,S004,2025-02-22,1,2025-06-14
721,S003,2025-04-14,0,
722,S003,2025-05-27,1,2025-08-02
723,S004,2025-07-31,0,
724,S001,2025-04-10,1,2025-04-22
725,S004,2025-02-12,1,2025-07-18
726,S001,2025-01-24,0,
727,S001,2025-04-11,1,2025-08-04
728,S003,2025-01-24,1,2025-07-20
729,S003,2025-01-30,0,
730,S001,2025-02-10,1,2025-05-18
731,S001,2025-02-08,1,2025-03-17
732,S001,2025-04-25,1,2025-06-10
733,S002,2025-04-28,1,2025-06-30
734,S002,2025-06-18,1,2025-08-09
735,S001,2025-06-10,1,2025-07-06
736,S003,2025-01-09,0,
737,S003,2025-02-15,1,2025-04-28
738,S002,2025-04-27,0,
739,S003,2025-07-29,1,2025-08-25
740,S002,2025-03-12,1,2025-06-25
741,S002,2025-06-11,1,2025-06-22
742,S001,2025-06-05,0,
743,S003,2025-05-25,1,2025-08-26
744,S001,2025-03-16,0,
745,S004,2025-02-23,0,
746,S003,2025-01-03,0,
747,S001,2025-03-24,0,
748,S003,2025-08-02,1,2025-08-12
749,S002,2025-02-04,1,2025-07-14
750,S001,2025-01-15,0,
751,S003,2025-05-28,0,
752,S003,2025-01-08,1,2025-04-14
753,S003,2025-01-30,0,
754,S002,2025-01-23,1,2025-03-24
755,S003,2025-01-29,1,2025-02-07
756,S003,2025-02-09,1,2025-06-12
757,S001,2025-08-29,1,2025-08-29
758,S003,2025-01-02,1,2025-01-13
759,S003,2025-05-14,0,
760,S002,2025-02-21,1,2025-05-02
761,S002,2025-03-12,1,2025-08-18
762,S003,2025-02-06,0,
763,S001,2025-05-19,1,2025-06-04
764,S003,2025-04-20,1,2025-08-12
765,S003,2025-05-17,1,2025-08-21
766,S003,2025-01-25,1,2025-07-19
767,S004,2025-08-18,0,
768,S002,2025-08-09,0,
769,S001,2025-08-05,1,2025-08-29
770,S001,2025-01-28,1,2025-07-13
771,S004,2025-06-08,1,2025-06-28
772,S002,2025-04-21,0,
773,S001,2025-06-21,1,2025-08-22
774,S001,2025-03-20,0,
775,S001,2025-05-07,0,
776,S003,2025-01-01,0,
777,S001,2025-02-20,1,2025-05-12
778,S002,2025-08-23,1,2025-08-24
779,S004,2025-03-17,1,2025-08-04
780,S001,2025-03-14,0,
781,S001,2025-04-14,1,2025-08-31
782,S001,2025-08-25,1,2025-08-28
783,S003,2025-06-15,1,2025-08-16
784,S004,2025-04-17,0,
785,S002,2025-05-11,1,2025-08-23
786,S001,2025-05-08,0,
787,S002,2025-01-09,0,
788,S002,2025-02-06,0,
789,S001,2025-01-21,1,2025-06-26
790,S001,2025-06-12,1,2025-08-25
791,S002,2025-04-27,1,2025-06-26
792,S003,2025-02-12,1,2025-07-14
793,S003,2025-05-29,1,2025-06-04
794,S004,2025-01-22,1,2025-02-10
795,S003,2025-03-07,1,2025-04-04
796,S002,2025-07-26,1,2025-08-10
797,S001,2025-06-02,0,
798,S001,2025-06-19,1,2025-07-10
799,S002,2025-07-29,1,2025-08-08
800,S002,2025-04-08,0,
801,S002,2025-08-26,0,
802,S003,2025-06-13,1,2025-08-07
803,S002,2025-01-26,1,2025-06-24
804,S003,2025-07-17,1,2025-08-07
805,S001,2025-08-01,1,2025-08-14
806,S003,2025-03-06,1,2025-03-12
807,S001,2025-06-13,1,2025-06-28
808,S004,2025-07-25,0,
809,S003,2025-06-13,1,2025-07-18
810,S001,2025-02-11,0,
811,S002,2025-03-09,1,2025-03-26
812,S002,2025-01-28,1,2025-08-12
813,S002,2025-01-27,1,2025-02-14
814,S004,2025-06-17,0,
815,S004,2025-05-28,1,2025-08-26
816,S002,2025-07-27,0,
817,S001,2025-05-26,1,2025-07-10
818,S001,2025-05-17,0,
819,S003,2025-02-15,1,2025-05-24
820,S003,2025-04-02,1,2025-07-23
821,S002,2025-05-06,1,2025-08-15
822,S003,2025-01-10,1,2025-04-06
823,S004,2025-05-14,1,2025-08-08
824,S001,2025-07-08,1,2025-08-18
825,S001,2025-02-03,1,2025-07-14
826,S003,2025-08-02,1,2025-08-28
827,S003,2025-07-25,1,2025-08-15
828,S003,2025-05-28,1,2025-07-08
829,S003,2025-01-17,1,2025-02-22
830,S001,2025-08-25,1,2025-08-26
831,S001,2025-08-14,1,2025-08-14
832,S003,2025-06-27,0,
833,S003,2025-04-26,1,2025-06-09
834,S001,2025-06-10,0,
835,S004,2025-01-25,0,
836,S001,2025-02-23,1,2025-04-13
837,S001,2025-02-15,1,2025-02-26
838,S002,2025-07-26,0,
839,S001,2025-07-21,1,2025-08-22
840,S001,2025-04-18,1,2025-07-10
841,S001,2025-08-11,1,2025-08-18
842,S001,2025-08-26,0,
843,S001,2025-03-11,1,2025-04-12
844,S001,2025-04-18,1,2025-07-14
845,S004,2025-08-20,1,2025-08-28
846,S001,2025-05-02,0,
847,S004,2025-04-22,1,2025-05-30
848,S001,2025-07-07,0,
849,S001,2025-01-26,1,2025-03-28
850,S001,2025-04-02,1,2025-04-25
851,S002,2025-05-30,1,2025-07-27
852,S001,2025-04-29,0,
853,S001,2025-01-09,1,2025-07-20
854,S003,2025-06-25,1,2025-08-06
855,S003,2025-01-29,1,2025-05-28
856,S001,2025-05-24,0,
857,S002,2025-07-08,0,
858,S002,2025-04-01,0,
859,S001,2025-05-05,1,2025-08-19
860,S001,2025-06-08,1,2025-06-16
861,S001,2025-01-20,1,2025-03-31
862,S002,2025-01-06,1,2025-06-29
863,S001,2025-01-06,1,2025-01-22
864,S002,2025-04-16,1,2025-07-08
865,S001,2025-03-19,1,2025-06-05
866,S003,2025-04-01,1,2025-05-13
867,S003,2025-07-01,0,
868,S001,2025-02-02,1,2025-05-07
869,S002,2025-04-06,1,2025-05-17
870,S004,2025-02-07,0,
871,S002,2025-06-15,0,
872,S001,2025-07-24,1,2025-08-21
873,S002,2025-05-22,1,2025-05-25
874,S002,2025-06-05,0,
875,S003,2025-01-22,1,2025-05-16
876,S002,2025-03-23,0,
877,S002,2025-08-07,1,2025-08-19
878,S002,2025-02-25,0,
879,S002,2025-07-06,0,
880,S004,2025-02-06,1,2025-06-07
881,S003,2025-04-07,1,2025-07-20
882,S001,2025-07-13,0,
883,S002,2025-07-31,1,2025-08-19
884,S003,2025-03-09,1,2025-08-19
885,S003,2025-02-15,1,2025-08-10
886,S002,2025-07-10,1,2025-08-09
887,S002,2025-01-31,1,2025-08-06
888,S001,2025-04-29,0,
889,S003,2025-01-13,1,2025-05-28
890,S002,2025-01-25,1,2025-03-08
891,S002,2025-06-25,0,
892,S002,2025-05-13,1,2025-08-20
893,S003,2025-05-09,1,2025-06-02
894,S003,2025-05-22,0,
895,S002,2025-05-03,1,2025-07-30
896,S001,2025-03-29,1,2025-06-14
897,S001,2025-06-26,1,2025-07-12
898,S003,2025-01-05,0,
899,S004,2025-06-01,1,2025-06-16
900,S001,2025-02-01,0,
901,S004,2025-02-07,0,
902,S002,2025-07-06,0,
903,S004,2025-02-25,0,
904,S004,2025-08-25,1,2025-08-29
905,S004,2025-01-28,1,2025-04-28
906,S002,2025-03-22,1,2025-04-19
907,S001,2025-01-11,1,2025-05-17
908,S001,2025-04-24,1,2025-08-06
909,S003,2025-04-05,1,2025-08-08
910,S002,2025-02-06,1,2025-08-02
911,S003,2025-02-20,1,2025-07-22
912,S003,2025-03-13,0,
913,S004,2025-04-02,1,2025-07-14
914,S003,2025-03-06,1,2025-05-04
915,S002,2025-06-23,1,2025-07-15
916,S002,2025-07-14,1,2025-08-31
917,S001,2025-05-06,1,2025-07-14
918,S002,2025-08-14,0,
919,S004,2025-02-15,1,2025-05-03
920,S002,2025-05-05,0,
921,S002,2025-05-02,1,2025-05-22
922,S001,2025-04-01,0,
923,S001,2025-07-27,0,
924,S003,2025-04-02,1,2025-04-16
925,S001,2025-01-17,0,
926,S004,2025-08-10,1,2025-08-26
927,S002,2025-04-07,1,2025-06-28
928,S003,2025-05-08,1,2025-08-13
929,S003,2025-06-12,0,
930,S002,2025-03-18,0,
931,S001,2025-05-29,1,2025-07-11
932,S002,2025-07-23,1,2025-08-11
933,S002,2025-04-13,1,2025-08-22
934,S002,2025-05-13,0,
935,S003,2025-08-28,0,
936,S002,2025-06-10,1,2025-07-05
937,S003,2025-04-22,1,2025-05-08
938,S001,2025-03-07,0,
939,S002,2025-07-31,1,2025-08-31
940,S003,2025-03-11,1,2025-05-16
941,S001,2025-05-05,0,
942,S004,2025-08-18,1,2025-08-28
943,S004,2025-01-29,1,2025-06-06
944,S001,2025-05-08,0,
945,S003,2025-04-10,0,
946,S004,2025-03-12,1,2025-05-16
947,S001,2025-05-20,1,2025-08-15
948,S001,2025-07-03,1,2025-07-22
949,S003,2025-07-24,0,
950,S002,2025-06-13,0,
951,S004,2025-04-24,1,2025-08-02
952,S001,2025-02-23,0,
953,S003,2025-07-22,1,2025-07-27
954,S003,2025-04-19,0,
955,S003,2025-04-18,0,
956,S003,2025-06-14,1,2025-08-09
957,S001,2025-05-28,1,2025-06-17
958,S003,2025-06-02,0,
959,S003,2025-02-14,0,
960,S004,2025-04-11,0,
961,S004,2025-06-06,0,
962,S003,2025-04-13,0,
963,S002,2025-01-04,0,
964,S001,2025-02-27,0,
965,S003,2025-04-08,1,2025-05-30
966,S001,2025-02-16,1,2025-03-25
967,S002,2025-05-30,0,
968,S003,2025-06-25,1,2025-08-13
969,S002,2025-01-14,1,2025-03-15
970,S001,2025-07-11,0,
971,S002,2025-02-03,0,
972,S001,2025-08-13,1,2025-08-15
973,S003,2025-02-02,1,2025-04-14
974,S001,2025-08-01,0,
975,S002,2025-07-15,0,
976,S001,2025-02-08,1,2025-03-26
977,S002,2025-01-11,1,2025-07-11
978,S001,2025-03-31,1,2025-06-11
979,S002,2025-05-30,1,2025-05-30
980,S004,2025-05-08,0,
981,S003,2025-04-06,1,2025-05-03
982,S002,2025-05-03,1,2025-06-06
983,S004,2025-03-25,0,
984,S001,2025-01-13,0,
985,S001,2025-01-24,1,2025-03-10
986,S001,2025-04-10,0,
987,S004,2025-07-25,1,2025-08-13
988,S002,2025-02-21,1,2025-05-31
989,S002,2025-04-05,0,
990,S003,2025-02-27,0,
991,S004,2025-03-16,1,2025-04-05
992,S001,2025-08-04,1,2025-08-17
993,S002,2025-05-11,1,2025-05-23
994,S001,2025-01-21,0,
995,S004,2025-04-11,1,2025-07-26
996,S001,2025-06-09,0,
997,S001,2025-07-11,0,
998,S002,2025-01-30,1,2025-07-16
999,S004,2025-05-05,1,2025-08-17
1000,S001,2025-07-25,1,2025-08-02
1001,S001,2025-01-07,1,2025-06-22
1002,S001,2025-01-23,1,2025-05-21
1003,S002,2025-06-29,1,2025-08-30
1004,S001,2025-08-01,0,
1005,S002,2025-08-06,1,2025-08-24
1006,S004,2025-05-12,1,2025-07-29
1007,S001,2025-05-16,1,2025-07-28
1008,S003,2025-05-07,0,
1009,S001,2025-02-19,1,2025-06-11
1010,S002,2025-08-04,0,
1011,S003,2025-08-29,0,
1012,S003,2025-02-23,1,2025-03-17
1013,S001,2025-07-23,1,2025-08-23
1014,S001,2025-04-02,0,
1015,S001,2025-04-21,1,2025-06-18
1016,S002,2025-01-12,0,
1017,S004,2025-06-21,1,2025-06-27
1018,S003,2025-07-20,0,
1019,S004,2025-02-12,0,
1020,S004,2025-07-15,1,2025-08-30
1021,S003,2025-08-06,1,2025-08-19
1022,S002,2025-05-10,1,2025-06-13
1023,S002,2025-07-12,0,
1024,S002,2025-08-07,1,2025-08-28
1025,S001,2025-05-13,0,
1026,S003,2025-04-11,0,
1027,S002,2025-07-24,0,
1028,S004,2025-08-12,1,2025-08-22
1029,S004,2025-06-29,1,2025-07-25
1030,S003,2025-08-16,0,
1031,S002,2025-03-27,1,2025-04-28
1032,S001,2025-05-14,1,2025-08-03
1033,S003,2025-08-02,0,
1034,S001,2025-06-10,1,2025-06-25
1035,S003,2025-01-02,1,2025-03-03
1036,S001,2025-05-17,0,
1037,S002,2025-06-22,1,2025-08-09
1038,S001,2025-07-19,1,2025-07-25
1039,S002,2025-08-16,1,2025-08-22
1040,S002,2025-07-19,1,2025-08-04
1041,S001,2025-04-17,0,
1042,S001,2025-08-09,1,2025-08-31
1043,S001,2025-06-04,0,
1044,S001,2025-04-06,1,2025-07-10
1045,S001,2025-01-13,0,
1046,S004,2025-02-01,1,2025-02-18
1047,S001,2025-07-20,1,2025-08-27
1048,S001,2025-04-25,1,2025-07-17
1049,S003,2025-03-28,1,2025-07-19
1050,S003,2025-06-11,0,
1051,S004,2025-06-08,1,2025-06-14
1052,S001,2025-06-18,0,
1053,S003,2025-08-16,1,2025-08-18
1054,S001,2025-08-28,1,2025-08-31
1055,S002,2025-01-30,0,
1056,S003,2025-03-20,0,
1057,S001,2025-01-15,1,2025-02-09
1058,S002,2025-02-21,1,2025-07-23
1059,S002,2025-01-16,1,2025-06-06
1060,S003,2025-05-22,0,
1061,S003,2025-05-26,1,2025-06-05
1062,S002,2025-02-13,0,
1063,S003,2025-07-28,1,2025-08-15
1064,S002,2025-06-03,1,2025-08-29
1065,S002,2025-01-12,1,2025-05-28
1066,S004,2025-05-23,0,
1067,S004,2025-08-31,1,2025-08-31
1068,S001,2025-02-23,1,2025-07-26
1069,S003,2025-05-02,1,2025-05-03
1070,S002,2025-04-11,1,2025-04-30
1071,S002,2025-04-01,0,
1072,S002,2025-02-01,1,2025-03-22
1073,S003,2025-04-02,1,2025-06-18
1074,S003,2025-05-07,0,
1075,S002,2025-01-29,0,
1076,S002,2025-06-22,0,
1077,S004,2025-08-27,1,2025-08-28
1078,S003,2025-06-27,0,
1079,S001,2025-06-22,0,
1080,S002,2025-06-24,1,2025-08-26
1081,S001,2025-08-24,1,2025-08-31
1082,S001,2025-01-07,0,
1083,S003,2025-02-12,1,2025-02-28
1084,S001,2025-07-24,0,
1085,S002,2025-01-14,0,
1086,S002,2025-07-15,1,2025-08-12
1087,S001,2025-08-16,0,
1088,S001,2025-06-06,0,
1089,S002,2025-01-25,0,
1090,S004,2025-04-09,1,2025-07-27
1091,S001,2025-05-13,1,2025-06-06
1092,S001,2025-02-02,0,
1093,S001,2025-02-05,0,
1094,S003,2025-05-30,0,
1095,S003,2025-01-03,1,2025-06-20
1096,S004,2025-01-14,1,2025-03-05
1097,S002,2025-06-20,1,2025-08-18
1098,S002,2025-04-18,1,2025-05-14
1099,S002,2025-02-27,0,
1100,S001,2025-07-09,1,2025-08-03
1101,S002,2025-05-23,1,2025-06-29
1102,S001,2025-02-20,1,2025-04-05
1103,S003,2025-02-15,1,2025-04-01
1104,S001,2025-06-17,0,
1105,S004,2025-04-06,0,
1106,S003,2025-01-31,1,2025-03-05
1107,S001,2025-04-20,0,
1108,S001,2025-07-22,1,2025-08-06
1109,S003,2025-08-15,1,2025-08-17
1110,S003,2025-07-12,0,
1111,S003,2025-04-06,1,2025-08-07
1112,S001,2025-05-30,0,
1113,S002,2025-03-20,1,2025-06-24
1114,S002,2025-07-12,1,2025-08-09
1115,S002,2025-04-20,1,2025-08-08
1116,S002,2025-04-24,1,2025-05-13
1117,S004,2025-01-21,0,
1118,S001,2025-03-27,1,2025-06-19
1119,S001,2025-06-30,0,
1120,S003,2025-07-17,1,2025-08-08
1121,S004,2025-05-01,0,
1122,S002,2025-07-11,1,2025-07-25
1123,S002,2025-07-22,1,2025-08-03
1124,S002,2025-05-23,1,2025-06-09
1125,S001,2025-06-18,0,
1126,S002,2025-03-18,1,2025-03-23
1127,S003,2025-07-24,0,
1128,S001,2025-05-17,1,2025-07-16
1129,S001,2025-02-13,1,2025-07-04
1130,S002,2025-01-18,0,
1131,S001,2025-01-15,1,2025-01-17
1132,S001,2025-05-18,1,2025-08-21
1133,S003,2025-04-21,0,
1134,S002,2025-05-09,0,
1135,S001,2025-04-13,0,
1136,S001,2025-05-28,1,2025-06-08
1137,S002,2025-03-18,1,2025-05-01
1138,S003,2025-08-22,0,
1139,S002,2025-02-10,1,2025-07-20
1140,S001,2025-08-21,1,2025-08-29
1141,S002,2025-04-26,1,2025-06-18
1142,S002,2025-04-29,1,2025-08-02
1143,S002,2025-08-23,1,2025-08-30
1144,S003,2025-02-05,1,2025-04-17
1145,S001,2025-02-01,1,2025-05-12
1146,S004,2025-04-02,1,2025-04-10
1147,S003,2025-05-14,0,
1148,S003,2025-06-03,1,2025-07-21
1149,S001,2025-01-05,1,2025-01-08
1150,S001,2025-08-02,0,
1151,S003,2025-05-24,0,
1152,S001,2025-02-24,1,2025-05-17
1153,S003,2025-02-26,1,2025-05-08
1154,S003,2025-07-16,1,2025-07-22
1155,S003,2025-01-25,1,2025-07-05
1156,S004,2025-02-14,0,
1157,S002,2025-01-05,0,
1158,S001,2025-06-30,0,
1159,S003,2025-04-20,0,
1160,S001,2025-04-07,1,2025-04-16
1161,S003,2025-02-04,1,2025-07-18
1162,S001,2025-03-15,0,
1163,S004,2025-08-21,0,
1164,S002,2025-04-08,1,2025-05-24
1165,S004,2025-06-12,0,
1166,S002,2025-05-10,1,2025-08-10
1167,S002,2025-03-05,1,2025-07-30
1168,S002,2025-04-03,1,2025-05-15
1169,S002,2025-07-23,1,2025-08-16
1170,S001,2025-02-09,1,2025-03-25
1171,S003,2025-05-04,1,2025-05-21
1172,S002,2025-05-09,0,
1173,S002,2025-04-09,1,2025-04-27
1174,S004,2025-02-19,0,
1175,S002,2025-05-06,0,
1176,S003,2025-03-04,1,2025-06-04
1177,S001,2025-06-04,1,2025-08-30
1178,S003,2025-01-30,0,
1179,S001,2025-08-21,1,2025-08-27
1180,S003,2025-08-15,1,2025-08-24
1181,S003,2025-06-12,1,2025-07-26
1182,S003,2025-03-20,1,2025-05-02
1183,S003,2025-04-17,0,
1184,S002,2025-05-05,1,2025-05-19
1185,S001,2025-07-27,0,
1186,S001,2025-08-11,0,
1187,S003,2025-05-30,1,2025-07-31
1188,S001,2025-05-30,0,
1189,S002,2025-07-14,1,2025-08-14
1190,S004,2025-03-22,0,
1191,S001,2025-03-26,0,
1192,S001,2025-06-04,1,2025-08-10
1193,S002,2025-06-25,0,
1194,S004,2025-06-12,1,2025-06-17
1195,S003,2025-04-13,0,
1196,S001,2025-08-08,0,
1197,S003,2025-05-14,0,
1198,S002,2025-08-02,0,
1199,S001,2025-06-19,1,2025-07-20
1200,S004,2025-07-03,1,2025-08-31
1201,S003,2025-06-20,1,2025-07-05
1202,S004,2025-06-27,1,2025-07-25
1203,S003,2025-08-22,0,
1204,S001,2025-03-01,1,2025-03-30
1205,S001,2025-08-30,1,2025-08-31
1206,S003,2025-01-16,1,2025-03-05
1207,S002,2025-02-02,1,2025-07-06
1208,S003,2025-07-28,0,
1209,S003,2025-07-11,0,
1210,S002,2025-02-01,1,2025-07-31
1211,S001,2025-01-16,0,
1212,S001,2025-07-08,1,2025-08-26
1213,S002,2025-02-10,0,
1214,S001,2025-01-19,1,2025-04-01
1215,S002,2025-02-03,1,2025-08-24
1216,S002,2025-06-17,1,2025-07-04
1217,S001,2025-07-11,1,2025-08-21
1218,S001,2025-04-20,0,
1219,S003,2025-01-31,0,
1220,S002,2025-03-04,1,2025-05-04
1221,S004,2025-04-07,0,
1222,S002,2025-03-12,0,
1223,S001,2025-06-21,0,
1224,S001,2025-07-10,1,2025-08-16
1225,S003,2025-02-02,1,2025-02-18
1226,S003,2025-04-11,1,2025-08-26
1227,S003,2025-07-02,0,
1228,S001,2025-08-09,1,2025-08-14
1229,S001,2025-02-22,0,
1230,S001,2025-03-18,1,2025-08-04
1231,S004,2025-08-31,0,
1232,S003,2025-06-27,1,2025-08-11
1233,S004,2025-01-10,1,2025-03-27
1234,S001,2025-04-02,1,2025-07-19
1235,S003,2025-04-27,1,2025-05-29
1236,S003,2025-07-07,1,2025-08-16
1237,S002,2025-05-11,0,
1238,S001,2025-06-04,1,2025-07-08
1239,S003,2025-01-23,1,2025-04-18
1240,S001,2025-04-07,0,
1241,S002,2025-07-06,0,
1242,S003,2025-08-10,1,2025-08-18
1243,S003,2025-03-30,0,
1244,S003,2025-06-01,1,2025-06-02
1245,S003,2025-07-08,1,2025-08-23
1246,S004,2025-06-30,1,2025-07-28
1247,S004,2025-08-30,0,
1248,S003,2025-07-17,1,2025-07-22
1249,S002,2025-01-15,1,2025-03-29
1250,S002,2025-08-27,0,
1251,S004,2025-04-14,1,2025-06-01
1252,S003,2025-03-30,1,2025-08-12
1253,S001,2025-05-15,0,
1254,S004,2025-05-07,1,2025-06-23
1255,S001,2025-07-16,0,
1256,S004,2025-05-26,1,2025-07-04
1257,S002,2025-08-17,0,
1258,S001,2025-01-28,1,2025-07-31
1259,S002,2025-05-16,1,2025-06-04
1260,S002,2025-05-01,1,2025-06-08
1261,S001,2025-06-18,0,
1262,S001,2025-01-29,1,2025-02-08
1263,S004,2025-02-20,0,
1264,S001,2025-07-24,0,
1265,S003,2025-08-25,0,
1266,S003,2025-02-09,1,2025-02-12
1267,S001,2025-07-08,1,2025-08-07
1268,S001,2025-07-06,1,2025-07-21
1269,S003,2025-07-30,1,2025-08-29
1270,S002,2025-02-18,0,
1271,S004,2025-03-12,0,
1272,S001,2025-04-15,1,2025-06-13
1273,S001,2025-03-19,1,2025-06-20
1274,S003,2025-01-11,1,2025-06-29
1275,S002,2025-04-21,1,2025-08-24
1276,S001,2025-07-17,0,
1277,S001,2025-06-04,1,2025-08-26
1278,S001,2025-07-10,0,
1279,S001,2025-06-30,1,2025-07-06
1280,S001,2025-02-21,1,2025-04-01
1281,S003,2025-08-18,1,2025-08-28
1282,S001,2025-07-22,1,2025-08-29
1283,S002,2025-06-27,1,2025-08-16
1284,S003,2025-07-12,1,2025-08-16
1285,S001,2025-05-27,1,2025-08-24
1286,S001,2025-05-15,1,2025-06-12
1287,S001,2025-03-02,1,2025-08-12
1288,S001,2025-03-05,0,
1289,S001,2025-03-25,1,2025-08-12
1290,S003,2025-06-10,0,
1291,S004,2025-05-18,0,
1292,S001,2025-04-08,0,
1293,S003,2025-03-25,1,2025-08-20
1294,S004,2025-07-05,1,2025-07-14
1295,S001,2025-05-26,1,2025-08-27
1296,S001,2025-04-11,0,
1297,S001,2025-01-26,0,
1298,S003,2025-01-06,1,2025-01-09
1299,S002,2025-02-06,0,
1300,S001,2025-07-29,1,2025-08-03
1301,S001,2025-03-26,1,2025-05-27
1302,S001,2025-01-12,1,2025-03-28
1303,S002,2025-02-28,1,2025-04-06
1304,S004,2025-08-15,0,
1305,S001,2025-04-02,1,2025-06-26
1306,S001,2025-02-08,1,2025-06-23
1307,S001,2025-03-19,0,
1308,S003,2025-08-27,1,2025-08-27
1309,S003,2025-03-23,1,2025-07-15
1310,S001,2025-04-20,0,
1311,S003,2025-03-23,1,2025-07-24
1312,S001,2025-08-30,0,
1313,S002,2025-05-18,0,
1314,S001,2025-07-11,1,2025-07-16
1315,S004,2025-05-02,0,
1316,S002,2025-04-28,1,2025-08-15
1317,S003,2025-07-11,1,2025-08-24
1318,S002,2025-06-29,1,2025-07-08
1319,S002,2025-01-21,1,2025-01-24
1320,S003,2025-02-05,0,
1321,S001,2025-06-15,0,
1322,S002,2025-02-14,1,2025-02-16
1323,S002,2025-08-01,1,2025-08-19
1324,S003,2025-05-14,1,2025-05-30
1325,S003,2025-07-10,0,
1326,S001,2025-06-14,1,2025-08-01
1327,S003,2025-01-27,1,2025-06-30
1328,S003,2025-01-17,1,2025-01-19
1329,S002,2025-03-10,1,2025-08-02
1330,S001,2025-01-24,0,
1331,S003,2025-03-22,0,
1332,S001,2025-08-18,0,
1333,S001,2025-05-31,0,
1334,S003,2025-07-03,1,2025-07-16
1335,S002,2025-07-06,0,
1336,S004,2025-04-03,0,
1337,S003,2025-02-23,0,
1338,S001,2025-01-04,1,2025-08-14
1339,S004,2025-01-25,1,2025-03-09
1340,S002,2025-01-19,1,2025-08-04
1341,S004,2025-08-25,1,2025-08-25
1342,S003,2025-08-08,0,
1343,S002,2025-01-22,0,
1344,S003,2025-06-14,1,2025-07-15
1345,S001,2025-02-10,1,2025-02-28
1346,S001,2025-06-14,1,2025-08-12
1347,S001,2025-04-21,1,2025-07-14
1348,S001,2025-05-02,1,2025-06-29
1349,S003,2025-05-26,1,2025-08-10
1350,S004,2025-02-24,1,2025-03-01
1351,S001,2025-02-06,1,2025-05-20
1352,S001,2025-06-21,0,
1353,S004,2025-03-18,1,2025-06-15
1354,S003,2025-04-22,1,2025-07-30
1355,S001,2025-06-20,1,2025-07-08
1356,S004,2025-03-23,1,2025-07-18
1357,S004,2025-03-09,1,2025-03-09
1358,S003,2025-05-29,1,2025-06-25
1359,S004,2025-04-07,1,2025-05-30
1360,S002,2025-04-04,1,2025-06-21
1361,S002,2025-04-16,1,2025-08-03
1362,S002,2025-04-06,1,2025-05-17
1363,S004,2025-06-12,1,2025-08-30
1364,S001,2025-06-16,1,2025-08-07
1365,S003,2025-04-24,1,2025-05-02
1366,S004,2025-04-08,1,2025-08-06
1367,S003,2025-06-15,0,
1368,S001,2025-03-10,0,
1369,S002,2025-01-02,0,
1370,S001,2025-07-09,1,2025-07-30
1371,S003,2025-06-07,0,
1372,S002,2025-07-06,1,2025-07-26
1373,S003,2025-01-31,0,
1374,S001,2025-08-31,1,2025-08-31
1375,S004,2025-06-08,0,
1376,S003,2025-04-27,0,
1377,S003,2025-05-18,0,
1378,S003,2025-03-12,1,2025-04-17
1379,S001,2025-08-26,1,2025-08-26
1380,S001,2025-04-03,0,
1381,S002,2025-06-10,1,2025-08-02
1382,S003,2025-03-18,1,2025-05-02
1383,S002,2025-05-04,0,
1384,S002,2025-06-05,1,2025-06-07
1385,S001,2025-01-08,1,2025-03-05
1386,S003,2025-01-24,1,2025-06-14
1387,S001,2025-08-25,1,2025-08-26
1388,S001,2025-07-23,0,
1389,S003,2025-04-19,1,2025-06-27
1390,S002,2025-04-01,1,2025-04-17
1391,S004,2025-03-17,0,
1392,S002,2025-02-16,0,
1393,S001,2025-04-06,1,2025-06-25
1394,S004,2025-05-26,0,
1395,S003,2025-02-25,1,2025-05-07
1396,S003,2025-08-17,0,
1397,S004,2025-07-25,1,2025-07-27
1398,S001,2025-06-01,1,2025-08-13
1399,S001,2025-03-14,1,2025-06-25
1400,S003,2025-01-18,1,2025-08-18
1401,S002,2025-01-21,1,2025-04-11
1402,S001,2025-06-14,0,
1403,S004,2025-07-31,1,2025-08-06
1404,S003,2025-02-18,0,
1405,S001,2025-01-14,1,2025-08-02
1406,S002,2025-06-06,0,
1407,S003,2025-02-02,1,2025-03-11
1408,S001,2025-06-21,1,2025-08-27
1409,S001,2025-07-07,1,2025-07-12
1410,S001,2025-06-15,0,
1411,S001,2025-06-21,1,2025-08-09
1412,S003,2025-08-08,1,2025-08-17
1413,S004,2025-08-23,1,2025-08-30
1414,S004,2025-04-19,1,2025-07-06
1415,S001,2025-01-29,1,2025-05-26
1416,S001,2025-01-31,0,
1417,S002,2025-03-27,1,2025-06-04
1418,S002,2025-03-17,1,2025-05-01
1419,S004,2025-01-13,0,
1420,S001,2025-03-03,1,2025-03-28
1421,S004,2025-01-26,1,2025-08-24
1422,S001,2025-06-13,1,2025-08-28
1423,S004,2025-05-03,0,
1424,S001,2025-02-17,1,2025-06-13
1425,S001,2025-03-09,0,
1426,S002,2025-01-01,1,2025-03-05
1427,S003,2025-02-28,1,2025-04-11
1428,S004,2025-04-26,1,2025-07-24
1429,S004,2025-07-31,1,2025-08-21
1430,S003,2025-01-29,1,2025-06-10
1431,S002,2025-04-02,1,2025-06-03
1432,S002,2025-02-19,0,
1433,S004,2025-08-19,0,
1434,S004,2025-08-16,1,2025-08-29
1435,S001,2025-03-29,0,
1436,S002,2025-01-29,0,
1437,S001,2025-06-09,1,2025-06-29
1438,S001,2025-02-25,1,2025-07-26
1439,S002,2025-01-01,1,2025-02-05
1440,S001,2025-01-23,0,
1441,S001,2025-02-26,1,2025-05-27
1442,S001,2025-08-24,1,2025-08-28
1443,S001,2025-06-24,0,
1444,S002,2025-05-26,0,
1445,S001,2025-02-05,1,2025-08-01
1446,S002,2025-04-30,1,2025-06-21
1447,S003,2025-07-13,1,2025-08-01
1448,S001,2025-08-13,1,2025-08-25
1449,S001,2025-08-03,1,2025-08-04
1450,S004,2025-03-16,1,2025-06-08
1451,S002,2025-01-14,0,
1452,S001,2025-06-13,0,
1453,S001,2025-06-26,1,2025-07-04
1454,S002,2025-01-27,1,2025-08-28
1455,S003,2025-02-17,0,
1456,S002,2025-06-18,0,
1457,S002,2025-03-03,1,2025-08-29
1458,S002,2025-05-07,1,2025-06-11
1459,S002,2025-01-08,1,2025-02-07
1460,S004,2025-06-08,1,2025-07-23
1461,S001,2025-04-02,1,2025-08-08
1462,S001,2025-06-17,1,2025-08-28
1463,S003,2025-08-25,1,2025-08-31
1464,S003,2025-07-01,0,
1465,S001,2025-03-31,1,2025-07-12
1466,S002,2025-01-28,1,2025-07-20
1467,S003,2025-08-19,0,
1468,S002,2025-03-06,1,2025-03-24
1469,S002,2025-01-28,0,
1470,S001,2025-05-06,1,2025-06-11
1471,S001,2025-05-30,1,2025-08-23
1472,S001,2025-04-15,1,2025-05-03
1473,S002,2025-05-08,1,2025-06-03
1474,S002,2025-02-05,0,
1475,S001,2025-07-20,1,2025-07-26
1476,S004,2025-07-30,0,
1477,S004,2025-01-20,1,2025-03-22
1478,S001,2025-05-20,0,
1479,S001,2025-01-09,1,2025-03-16
1480,S003,2025-07-07,1,2025-08-24
1481,S003,2025-06-29,0,
1482,S004,2025-06-06,0,
1483,S003,2025-01-10,1,2025-03-08
1484,S002,2025-08-27,1,2025-08-28
1485,S002,2025-05-04,1,2025-08-10
1486,S002,2025-04-23,1,2025-07-26
1487,S003,2025-05-31,1,2025-07-22
1488,S001,2025-01-04,0,
1489,S003,2025-01-12,1,2025-06-15
1490,S001,2025-06-18,1,2025-06-27
1491,S004,2025-04-02,0,
1492,S002,2025-08-11,0,
1493,S003,2025-03-30,0,
1494,S002,2025-05-14,1,2025-08-16
1495,S003,2025-03-02,0,
1496,S003,2025-03-13,1,2025-05-28
1497,S002,2025-01-05,0,
1498,S001,2025-05-17,1,2025-06-25
1499,S004,2025-08-17,1,2025-08-30
1500,S002,2025-07-05,0,
1501,S004,2025-01-28,1,2025-07-31
1502,S003,2025-05-27,0,
1503,S001,2025-02-03,0,
1504,S003,2025-03-28,1,2025-04-06
1505,S001,2025-07-17,0,
1506,S002,2025-04-29,1,2025-04-30
1507,S001,2025-04-15,1,2025-05-05
1508,S001,2025-03-08,0,
1509,S001,2025-08-12,0,
1510,S002,2025-04-23,1,2025-05-03
1511,S003,2025-06-23,0,
1512,S002,2025-01-20,1,2025-02-17
1513,S004,2025-01-19,0,
1514,S002,2025-04-15,0,
1515,S004,2025-01-12,1,2025-02-19
1516,S002,2025-07-03,0,
1517,S001,2025-05-30,1,2025-08-30
1518,S003,2025-05-09,0,
1519,S003,2025-01-14,0,
1520,S003,2025-08-22,1,2025-08-25
1521,S002,2025-06-27,1,2025-08-18
1522,S002,2025-05-04,0,
1523,S002,2025-03-04,0,
1524,S002,2025-03-22,1,2025-07-04
1525,S001,2025-08-13,1,2025-08-18
1526,S003,2025-01-26,1,2025-02-03
1527,S004,2025-08-10,1,2025-08-22
1528,S002,2025-03-17,1,2025-06-11
1529,S004,2025-08-24,1,2025-08-31
1530,S003,2025-05-03,0,
1531,S002,2025-02-08,0,
1532,S001,2025-02-15,1,2025-07-15
1533,S002,2025-05-25,1,2025-07-31
1534,S001,2025-07-13,1,2025-07-22
1535,S001,2025-05-13,1,2025-07-30
1536,S001,2025-04-23,1,2025-06-05
1537,S001,2025-06-20,1,2025-07-02
1538,S001,2025-08-17,1,2025-08-29
1539,S002,2025-08-30,0,
1540,S003,2025-07-03,0,
1541,S003,2025-02-05,0,
1542,S001,2025-02-26,0,
1543,S003,2025-06-22,0,
1544,S003,2025-07-23,1,2025-08-04
1545,S002,2025-01-03,1,2025-06-02
1546,S003,2025-05-05,0,
1547,S001,2025-08-08,0,
1548,S001,2025-02-15,1,2025-08-10
1549,S001,2025-05-16,0,
1550,S002,2025-05-06,0,
1551,S003,2025-08-14,0,
1552,S003,2025-01-30,1,2025-04-21
1553,S003,2025-07-26,0,
1554,S002,2025-08-16,0,
1555,S002,2025-04-11,0,
1556,S001,2025-03-28,0,
1557,S001,2025-02-22,0,
1558,S001,2025-01-06,0,
1559,S001,2025-07-16,1,2025-08-26
1560,S001,2025-08-09,0,
1561,S001,2025-07-07,1,2025-07-07
1562,S001,2025-07-22,1,2025-08-01
1563,S003,2025-03-11,0,
1564,S002,2025-08-09,1,2025-08-11
1565,S001,2025-08-01,1,2025-08-30
1566,S002,2025-03-21,0,
1567,S002,2025-03-09,0,
1568,S002,2025-03-13,1,2025-07-27
1569,S002,2025-07-15,1,2025-07-21
1570,S003,2025-04-05,1,2025-05-02
1571,S002,2025-02-13,1,2025-06-18
1572,S003,2025-07-05,0,
1573,S001,2025-03-28,0,
1574,S002,2025-06-26,1,2025-08-27
1575,S003,2025-05-04,1,2025-08-21
1576,S001,2025-04-07,1,2025-04-10
1577,S003,2025-08-15,1,2025-08-20
1578,S002,2025-04-13,1,2025-05-13
1579,S002,2025-03-24,0,
1580,S003,2025-07-25,0,
1581,S004,2025-08-26,0,
1582,S002,2025-03-23,1,2025-04-30
1583,S001,2025-06-27,1,2025-08-24
1584,S001,2025-06-12,1,2025-07-10
1585,S003,2025-07-06,1,2025-08-14
1586,S003,2025-01-20,1,2025-02-15
1587,S002,2025-05-14,1,2025-08-20
1588,S003,2025-07-08,0,
1589,S003,2025-01-24,0,
1590,S001,2025-08-18,0,
1591,S001,2025-05-09,0,
1592,S001,2025-03-21,0,
1593,S003,2025-08-02,1,2025-08-06
1594,S003,2025-01-31,1,2025-05-22
1595,S001,2025-06-21,1,2025-08-14
1596,S004,2025-02-15,0,
1597,S004,2025-03-21,1,2025-06-23
1598,S002,2025-03-12,0,
1599,S004,2025-05-27,0,
1600,S003,2025-02-14,1,2025-07-29
1601,S001,2025-02-09,0,
1602,S001,2025-04-24,0,
1603,S001,2025-06-07,0,
1604,S003,2025-08-20,0,
1605,S001,2025-08-03,0,
1606,S001,2025-01-22,1,2025-02-02
1607,S001,2025-08-04,0,
1608,S002,2025-08-03,0,
1609,S003,2025-01-23,1,2025-06-23
1610,S001,2025-04-06,1,2025-06-08
1611,S001,2025-07-13,0,
1612,S001,2025-03-22,1,2025-05-09
1613,S002,2025-03-09,1,2025-06-07
1614,S003,2025-08-01,1,2025-08-31
1615,S003,2025-03-30,0,
1616,S001,2025-07-10,0,
1617,S003,2025-08-25,1,2025-08-30
1618,S004,2025-04-07,0,
1619,S003,2025-04-18,1,2025-07-13
1620,S002,2025-05-20,1,2025-05-22
1621,S001,2025-04-13,1,2025-06-14
1622,S004,2025-01-11,0,
1623,S004,2025-04-20,0,
1624,S001,2025-08-15,1,2025-08-31
1625,S004,2025-07-21,0,
1626,S003,2025-04-12,1,2025-04-12
1627,S002,2025-03-02,0,
1628,S002,2025-05-03,1,2025-05-15
1629,S003,2025-04-07,0,
1630,S004,2025-08-28,1,2025-08-30
1631,S003,2025-05-17,1,2025-07-18
1632,S001,2025-07-16,1,2025-08-08
1633,S001,2025-06-15,1,2025-08-17
1634,S001,2025-02-16,1,2025-04-29
1635,S003,2025-02-11,1,2025-06-23
1636,S003,2025-06-17,0,
1637,S003,2025-06-25,1,2025-08-26
1638,S001,2025-03-08,0,
1639,S003,2025-05-02,0,
1640,S001,2025-07-14,1,2025-08-26
1641,S003,2025-02-20,1,2025-07-27
1642,S001,2025-08-11,1,2025-08-22
1643,S001,2025-03-17,0,
1644,S002,2025-03-25,1,2025-04-03
1645,S001,2025-02-14,1,2025-03-10
1646,S001,2025-04-28,0,
1647,S002,2025-04-28,1,2025-06-08
1648,S001,2025-05-12,0,
1649,S001,2025-02-17,0,
1650,S004,2025-07-23,1,2025-08-08
1651,S002,2025-07-24,1,2025-08-29
1652,S001,2025-02-17,1,2025-08-07
1653,S003,2025-04-15,1,2025-07-30
1654,S003,2025-01-25,1,2025-01-29
1655,S003,2025-07-31,1,2025-08-26
1656,S003,2025-03-29,1,2025-06-25
1657,S001,2025-06-28,1,2025-08-16
1658,S001,2025-05-24,0,
1659,S001,2025-03-22,1,2025-07-19
1660,S001,2025-04-17,0,
1661,S003,2025-08-24,1,2025-08-30
1662,S003,2025-05-27,1,2025-06-16
1663,S001,2025-07-12,1,2025-08-19
1664,S002,2025-07-15,0,
1665,S002,2025-04-29,1,2025-08-25
1666,S003,2025-08-01,1,2025-08-15
1667,S003,2025-04-18,1,2025-04-25
1668,S001,2025-07-07,1,2025-07-08
1669,S002,2025-04-05,1,2025-07-13
1670,S001,2025-07-05,0,
1671,S001,2025-01-17,0,
1672,S002,2025-07-23,1,2025-08-21
1673,S001,2025-04-29,0,
1674,S004,2025-08-09,1,2025-08-22
1675,S002,2025-05-17,0,
1676,S001,2025-07-30,0,
1677,S001,2025-04-20,0,
1678,S001,2025-02-13,1,2025-07-31
1679,S001,2025-03-26,0,
1680,S001,2025-03-17,0,
1681,S001,2025-07-14,1,2025-08-16
1682,S001,2025-03-20,0,
1683,S003,2025-02-09,0,
1684,S002,2025-02-28,1,2025-04-23
1685,S002,2025-07-10,0,
1686,S001,2025-05-31,0,
1687,S002,2025-08-11,1,2025-08-16
1688,S001,2025-03-21,1,2025-04-28
1689,S004,2025-05-08,1,2025-07-28
1690,S001,2025-07-09,1,2025-08-20
1691,S003,2025-05-22,0,
1692,S001,2025-05-26,1,2025-06-26
1693,S001,2025-06-26,0,
1694,S004,2025-02-18,0,
1695,S002,2025-02-28,1,2025-07-26
1696,S001,2025-06-12,1,2025-08-12
1697,S001,2025-06-03,1,2025-08-14
1698,S003,2025-06-14,1,2025-08-31
1699,S001,2025-05-07,0,
1700,S001,2025-08-11,1,2025-08-21
1701,S001,2025-08-31,1,2025-08-31
1702,S001,2025-07-14,1,2025-08-02
1703,S003,2025-02-16,1,2025-03-15
1704,S004,2025-01-27,0,
1705,S004,2025-07-16,1,2025-07-26
1706,S003,2025-06-02,0,
1707,S002,2025-02-07,1,2025-08-12
1708,S001,2025-07-15,1,2025-08-09
1709,S001,2025-03-12,1,2025-05-02
1710,S001,2025-04-20,0,
1711,S001,2025-04-23,0,
1712,S004,2025-05-01,0,
1713,S002,2025-03-05,1,2025-08-07
1714,S001,2025-04-05,1,2025-06-16
1715,S002,2025-07-31,1,2025-08-09
1716,S001,2025-05-27,1,2025-08-19
1717,S003,2025-07-17,1,2025-08-30
1718,S002,2025-08-15,1,2025-08-25
1719,S004,2025-03-07,0,
1720,S003,2025-05-05,0,
1721,S004,2025-04-22,0,
1722,S003,2025-05-28,1,2025-06-05
1723,S003,2025-02-10,0,
1724,S002,2025-07-12,1,2025-08-24
1725,S003,2025-06-16,1,2025-07-09
1726,S002,2025-08-31,1,2025-08-31
1727,S001,2025-02-27,1,2025-04-06
1728,S003,2025-06-17,0,
1729,S001,2025-05-28,1,2025-06-15
1730,S001,2025-02-02,1,2025-02-19
1731,S001,2025-02-11,1,2025-04-21
1732,S002,2025-02-01,0,
1733,S001,2025-01-13,1,2025-04-25
1734,S003,2025-05-10,0,
1735,S002,2025-06-04,1,2025-07-14
1736,S001,2025-03-07,1,2025-07-01
1737,S003,2025-04-03,0,
1738,S003,2025-01-22,0,
1739,S003,2025-08-18,1,2025-08-20
1740,S001,2025-06-27,1,2025-07-01
1741,S002,2025-06-08,1,2025-06-28
1742,S002,2025-07-27,0,
1743,S004,2025-03-20,1,2025-06-23
1744,S001,2025-01-08,0,
1745,S001,2025-07-15,1,2025-08-17
1746,S002,2025-01-17,1,2025-05-18
1747,S001,2025-06-04,0,
1748,S002,2025-06-18,1,2025-06-30
1749,S001,2025-05-12,1,2025-05-30
1750,S001,2025-01-27,1,2025-04-01
1751,S003,2025-05-14,1,2025-06-17
1752,S001,2025-07-08,0,
1753,S003,2025-01-04,1,2025-01-12
1754,S001,2025-05-04,0,
1755,S002,2025-04-27,0,
1756,S001,2025-03-28,0,
1757,S003,2025-06-19,1,2025-08-01
1758,S004,2025-05-20,1,2025-06-18
1759,S002,2025-08-12,1,2025-08-26
1760,S004,2025-04-12,0,
1761,S002,2025-01-05,1,2025-07-14
1762,S002,2025-01-13,0,
1763,S003,2025-02-10,1,2025-03-24
1764,S003,2025-05-19,0,
1765,S004,2025-08-19,1,2025-08-25
1766,S003,2025-03-06,0,
1767,S002,2025-07-13,1,2025-07-22
1768,S002,2025-02-10,0,
1769,S001,2025-02-05,0,
1770,S003,2025-02-06,0,
1771,S002,2025-07-17,0,
1772,S004,2025-06-06,1,2025-06-15
1773,S001,2025-04-08,0,
1774,S003,2025-08-10,0,
1775,S002,2025-08-10,1,2025-08-31
1776,S003,2025-08-10,0,
1777,S001,2025-04-18,0,
1778,S002,2025-05-30,1,2025-08-13
1779,S002,2025-06-05,0,
1780,S003,2025-01-28,1,2025-08-19
1781,S004,2025-05-29,0,
1782,S004,2025-06-15,0,
1783,S001,2025-07-19,1,2025-07-20
1784,S003,2025-08-24,1,2025-08-24
1785,S001,2025-04-01,0,
1786,S001,2025-03-09,0,
1787,S003,2025-04-13,0,
1788,S001,2025-06-07,1,2025-07-06
1789,S003,2025-03-22,0,
1790,S004,2025-03-31,1,2025-07-21
1791,S003,2025-02-18,1,2025-06-27
1792,S001,2025-06-08,0,
1793,S001,2025-08-07,1,2025-08-29
1794,S004,2025-07-08,0,
1795,S001,2025-04-24,0,
1796,S001,2025-08-02,0,
1797,S004,2025-01-04,1,2025-01-09
1798,S002,2025-02-19,1,2025-07-01
1799,S002,2025-06-30,0,
1800,S001,2025-05-19,1,2025-08-15
1801,S004,2025-02-02,1,2025-08-21
1802,S003,2025-07-04,1,2025-08-17
1803,S002,2025-08-03,1,2025-08-22
1804,S004,2025-04-25,1,2025-05-09
1805,S001,2025-01-17,0,
1806,S004,2025-05-06,1,2025-08-11
1807,S001,2025-06-28,0,
1808,S002,2025-05-19,0,
1809,S003,2025-04-02,1,2025-04-20
1810,S004,2025-06-03,0,
1811,S004,2025-01-31,1,2025-02-24
1812,S001,2025-06-28,1,2025-08-10
1813,S001,2025-01-24,1,2025-05-06
1814,S001,2025-07-12,1,2025-07-28
1815,S001,2025-01-25,1,2025-06-09
1816,S004,2025-04-06,0,
1817,S002,2025-03-30,1,2025-05-08
1818,S002,2025-02-08,0,
1819,S001,2025-08-28,1,2025-08-30
1820,S004,2025-02-19,0,
1821,S004,2025-08-01,1,2025-08-15
1822,S002,2025-03-03,0,
1823,S003,2025-08-04,0,
1824,S002,2025-06-17,1,2025-08-23
1825,S002,2025-02-21,1,2025-03-27
1826,S002,2025-04-07,1,2025-04-13
1827,S003,2025-07-21,0,
1828,S003,2025-03-20,0,
1829,S002,2025-05-17,1,2025-06-24
1830,S002,2025-04-22,0,
1831,S004,2025-01-26,1,2025-03-14
1832,S001,2025-05-27,0,
1833,S003,2025-01-02,0,
1834,S001,2025-02-28,1,2025-06-10
1835,S001,2025-06-24,1,2025-08-02
1836,S002,2025-01-03,1,2025-04-18
1837,S002,2025-06-03,1,2025-08-30
1838,S001,2025-01-19,0,
1839,S001,2025-02-12,0,
1840,S001,2025-03-15,1,2025-08-07
1841,S001,2025-05-23,0,
1842,S001,2025-02-28,1,2025-06-07
1843,S002,2025-04-05,1,2025-05-11
1844,S001,2025-02-23,0,
1845,S002,2025-03-31,1,2025-04-14
1846,S001,2025-06-10,1,2025-08-05
1847,S004,2025-05-23,1,2025-08-01
1848,S001,2025-01-05,0,
1849,S002,2025-03-01,1,2025-03-01
1850,S001,2025-06-10,1,2025-08-18
1851,S002,2025-04-09,1,2025-07-17
1852,S002,2025-06-12,1,2025-07-01
1853,S002,2025-02-14,0,
1854,S002,2025-07-26,1,2025-07-28
1855,S001,2025-08-04,0,
1856,S002,2025-04-24,0,
1857,S001,2025-02-22,1,2025-08-23
1858,S003,2025-08-19,1,2025-08-31
1859,S001,2025-01-28,1,2025-05-23
1860,S004,2025-02-21,1,2025-07-12
1861,S002,2025-01-07,0,
1862,S002,2025-07-16,1,2025-08-10
1863,S003,2025-08-11,0,
1864,S001,2025-07-08,0,
1865,S001,2025-08-11,1,2025-08-13
1866,S004,2025-08-04,1,2025-08-23
1867,S003,2025-02-14,1,2025-03-11
1868,S002,2025-05-17,0,
1869,S004,2025-08-06,0,
1870,S002,2025-01-11,1,2025-04-18
1871,S002,2025-04-03,0,
1872,S004,2025-03-30,0,
1873,S001,2025-06-23,1,2025-07-12
1874,S004,2025-03-16,0,
1875,S002,2025-06-09,0,
1876,S001,2025-05-14,0,
1877,S001,2025-03-20,1,2025-07-08
1878,S001,2025-01-21,1,2025-01-29
1879,S002,2025-03-19,1,2025-07-17
1880,S004,2025-04-04,0,
1881,S002,2025-07-04,1,2025-07-16
1882,S001,2025-07-26,0,
1883,S001,2025-07-15,1,2025-07-19
1884,S003,2025-01-20,1,2025-01-23
1885,S004,2025-06-10,0,
1886,S001,2025-02-01,1,2025-03-08
1887,S001,2025-01-01,1,2025-06-25
1888,S003,2025-02-19,1,2025-04-10
1889,S002,2025-06-23,1,2025-06-30
1890,S003,2025-08-13,1,2025-08-19
1891,S003,2025-02-28,1,2025-08-09
1892,S003,2025-04-20,1,2025-07-17
1893,S001,2025-07-13,1,2025-07-16
1894,S003,2025-06-22,0,
1895,S002,2025-07-17,0,
1896,S002,2025-07-06,0,
1897,S001,2025-05-06,1,2025-08-09
1898,S002,2025-08-14,1,2025-08-26
1899,S004,2025-04-09,1,2025-04-15
1900,S003,2025-04-13,1,2025-08-02
1901,S001,2025-01-25,1,2025-05-25
1902,S002,2025-08-01,0,
1903,S001,2025-04-22,0,
1904,S001,2025-06-30,1,2025-07-18
1905,S003,2025-01-04,0,
1906,S001,2025-02-01,1,2025-06-16
1907,S001,2025-05-25,0,
1908,S004,2025-03-01,0,
1909,S003,2025-03-29,1,2025-06-21
1910,S003,2025-07-01,1,2025-07-16
1911,S002,2025-05-11,0,
1912,S004,2025-06-04,0,
1913,S002,2025-07-17,1,2025-07-26
1914,S002,2025-03-25,1,2025-08-30
1915,S001,2025-06-04,0,
1916,S003,2025-01-31,1,2025-02-15
1917,S001,2025-04-07,1,2025-04-09
1918,S002,2025-07-15,1,2025-08-07
1919,S001,2025-02-10,1,2025-08-23
1920,S001,2025-04-27,1,2025-07-11
1921,S003,2025-05-03,1,2025-06-12
1922,S003,2025-04-12,1,2025-04-20
1923,S001,2025-07-05,0,
1924,S001,2025-02-11,0,
1925,S002,2025-03-29,0,
1926,S003,2025-02-09,1,2025-03-03
1927,S002,2025-03-03,1,2025-08-24
1928,S004,2025-01-11,1,2025-03-11
1929,S002,2025-07-13,0,
1930,S001,2025-06-28,1,2025-07-06
1931,S002,2025-03-31,0,
1932,S003,2025-02-08,1,2025-07-18
1933,S001,2025-08-02,1,2025-08-21
1934,S003,2025-03-15,1,2025-07-07
1935,S001,2025-01-29,1,2025-08-22
1936,S003,2025-07-11,1,2025-08-24
1937,S002,2025-06-15,0,
1938,S004,2025-01-04,1,2025-02-19
1939,S003,2025-04-28,0,
1940,S004,2025-07-23,0,
1941,S004,2025-01-08,0,
1942,S001,2025-07-06,1,2025-07-16
1943,S001,2025-01-20,1,2025-07-06
1944,S004,2025-04-27,0,
1945,S004,2025-06-24,0,
1946,S003,2025-03-02,1,2025-07-28
1947,S001,2025-07-07,0,
1948,S004,2025-08-01,1,2025-08-06
1949,S001,2025-03-14,0,
1950,S004,2025-06-26,1,2025-06-26
1951,S003,2025-06-29,1,2025-07-28
1952,S002,2025-04-27,0,
1953,S001,2025-02-07,1,2025-07-20
1954,S003,2025-03-16,1,2025-07-20
1955,S003,2025-08-15,1,2025-08-26
1956,S002,2025-03-29,1,2025-05-05
1957,S003,2025-07-28,0,
1958,S002,2025-05-20,1,2025-06-02
1959,S001,2025-06-25,0,
1960,S001,2025-08-28,1,2025-08-31
1961,S001,2025-06-13,0,
1962,S002,2025-05-10,0,
1963,S002,2025-04-14,1,2025-06-06
1964,S003,2025-03-17,1,2025-05-03
1965,S001,2025-08-30,1,2025-08-31
1966,S004,2025-04-20,0,
1967,S001,2025-05-08,1,2025-05-11
1968,S003,2025-01-26,1,2025-06-25
1969,S003,2025-01-10,0,
1970,S003,2025-07-05,0,
1971,S002,2025-05-01,1,2025-06-09
1972,S002,2025-01-03,0,
1973,S003,2025-05-09,1,2025-06-13
1974,S002,2025-03-06,1,2025-08-31
1975,S002,2025-03-16,0,
1976,S003,2025-05-05,1,2025-06-23
1977,S004,2025-03-19,1,2025-06-14
1978,S001,2025-06-29,0,
1979,S001,2025-04-23,1,2025-08-11
1980,S002,2025-04-18,1,2025-06-28
1981,S004,2025-04-02,1,2025-08-09
1982,S001,2025-01-23,1,2025-07-12
1983,S003,2025-01-18,0,
1984,S003,2025-02-07,1,2025-08-17
1985,S002,2025-05-15,0,
1986,S001,2025-08-09,1,2025-08-15
1987,S002,2025-05-22,0,
1988,S002,2025-08-09,0,
1989,S002,2025-07-12,1,2025-08-21
1990,S001,2025-08-11,1,2025-08-23
1991,S003,2025-08-03,0,
1992,S003,2025-06-15,0,
1993,S002,2025-06-03,1,2025-06-11
1994,S002,2025-04-05,1,2025-06-15
1995,S004,2025-03-25,0,
1996,S002,2025-06-27,1,2025-07-14
1997,S001,2025-06-07,0,
1998,S004,2025-02-28,1,2025-05-21
1999,S001,2025-03-27,1,2025-07-10
2000,S003,2025-02-05,0,
2001,S002,2025-03-24,1,2025-07-20
2002,S003,2025-03-05,1,2025-08-14
2003,S004,2025-04-11,1,2025-06-19
2004,S003,2025-03-06,1,2025-06-10
2005,S002,2025-04-27,0,
2006,S003,2025-01-14,0,
2007,S002,2025-01-31,1,2025-03-03
2008,S001,2025-01-28,1,2025-04-06
2009,S001,2025-08-17,0,
2010,S003,2025-04-21,1,2025-06-16
2011,S002,2025-03-02,1,2025-07-21
2012,S004,2025-05-19,0,
2013,S001,2025-01-25,1,2025-05-09
2014,S001,2025-01-28,1,2025-07-18
2015,S002,2025-03-01,1,2025-03-21
2016,S001,2025-06-07,0,
2017,S001,2025-07-22,0,
2018,S001,2025-02-22,1,2025-08-21
2019,S001,2025-02-25,1,2025-06-08
2020,S002,2025-01-07,0,
2021,S001,2025-05-27,1,2025-07-14
2022,S002,2025-03-07,1,2025-05-14
2023,S002,2025-05-30,0,
2024,S004,2025-07-14,1,2025-08-28
2025,S002,2025-05-15,0,
2026,S001,2025-04-15,1,2025-08-26
2027,S004,2025-07-20,0,
2028,S003,2025-03-02,1,2025-04-21
2029,S002,2025-02-01,0,
2030,S003,2025-07-21,1,2025-07-31
2031,S001,2025-02-04,1,2025-06-04
2032,S002,2025-07-20,1,2025-08-04
2033,S001,2025-07-13,1,2025-08-06
2034,S004,2025-04-12,1,2025-07-24
2035,S003,2025-06-05,1,2025-07-26
2036,S002,2025-07-26,1,2025-07-30
2037,S001,2025-04-07,1,2025-04-13
2038,S003,2025-02-07,1,2025-07-08
2039,S004,2025-02-06,1,2025-04-05
2040,S002,2025-08-14,1,2025-08-18
2041,S002,2025-03-17,1,2025-06-14
2042,S002,2025-03-17,1,2025-07-26
2043,S001,2025-03-26,1,2025-08-02
2044,S003,2025-01-16,1,2025-03-12
2045,S001,2025-03-30,0,
2046,S001,2025-05-05,1,2025-07-09
2047,S002,2025-02-09,0,
2048,S001,2025-02-06,1,2025-03-28
2049,S001,2025-01-04,0,
2050,S001,2025-05-21,1,2025-06-16
2051,S004,2025-07-21,1,2025-08-19
2052,S001,2025-04-28,0,
2053,S001,2025-05-23,1,2025-08-25
2054,S001,2025-07-03,1,2025-08-15
2055,S001,2025-05-04,1,2025-07-08
2056,S001,2025-07-25,0,
2057,S004,2025-04-29,0,
2058,S001,2025-04-18,1,2025-07-03
2059,S002,2025-07-18,1,2025-07-21
2060,S001,2025-08-29,1,2025-08-30
2061,S001,2025-04-14,1,2025-06-13
2062,S001,2025-06-01,1,2025-06-11
2063,S004,2025-05-07,0,
2064,S001,2025-05-01,1,2025-05-18
2065,S001,2025-06-20,1,2025-06-25
2066,S003,2025-06-07,1,2025-07-01
2067,S001,2025-06-01,1,2025-08-07
2068,S001,2025-03-08,1,2025-07-17
2069,S003,2025-03-28,0,
2070,S002,2025-06-17,0,
2071,S001,2025-03-25,1,2025-07-21
2072,S001,2025-01-28,0,
2073,S002,2025-05-29,1,2025-07-29
2074,S001,2025-05-31,1,2025-08-29
2075,S003,2025-03-30,1,2025-04-07
2076,S003,2025-06-18,0,
2077,S004,2025-07-01,1,2025-07-21
2078,S002,2025-07-20,1,2025-08-05
2079,S004,2025-03-03,1,2025-07-07
2080,S003,2025-01-03,0,
2081,S002,2025-07-17,0,
2082,S004,2025-05-10,1,2025-06-29
2083,S003,2025-07-17,0,
2084,S001,2025-07-13,1,2025-07-31
2085,S004,2025-08-01,0,
2086,S001,2025-06-01,1,2025-07-04
2087,S002,2025-03-07,1,2025-03-08
2088,S003,2025-01-01,1,2025-01-20
2089,S003,2025-05-09,0,
2090,S001,2025-01-14,1,2025-06-11
2091,S001,2025-05-24,0,
2092,S001,2025-06-15,1,2025-08-15
2093,S002,2025-03-16,0,
2094,S001,2025-07-15,0,
2095,S004,2025-08-12,1,2025-08-12
2096,S001,2025-01-30,0,
2097,S001,2025-02-01,1,2025-07-08
2098,S003,2025-07-26,1,2025-08-11
2099,S002,2025-02-11,1,2025-03-24
2100,S003,2025-01-08,1,2025-04-17
2101,S002,2025-02-12,1,2025-07-25
2102,S003,2025-06-18,0,
2103,S001,2025-02-20,0,
2104,S004,2025-06-16,1,2025-06-16
2105,S002,2025-05-14,1,2025-05-28
2106,S003,2025-03-29,1,2025-04-06
2107,S001,2025-01-10,0,
2108,S001,2025-07-28,1,2025-08-06
2109,S002,2025-05-08,1,2025-06-15
2110,S003,2025-08-11,1,2025-08-27
2111,S001,2025-03-27,1,2025-04-27
2112,S002,2025-03-21,0,
2113,S004,2025-08-28,1,2025-08-30
2114,S001,2025-08-24,0,
2115,S001,2025-08-31,0,
2116,S002,2025-05-19,1,2025-06-08
2117,S002,2025-02-17,0,
2118,S001,2025-07-06,0,
2119,S004,2025-01-02,0,
2120,S001,2025-05-21,1,2025-07-15
2121,S002,2025-02-04,1,2025-07-05
2122,S001,2025-04-18,1,2025-08-23
2123,S003,2025-02-02,1,2025-08-29
2124,S003,2025-03-01,0,
2125,S001,2025-01-29,1,2025-07-14
2126,S003,2025-02-22,1,2025-03-31
2127,S002,2025-06-18,1,2025-07-23
2128,S004,2025-02-18,0,
2129,S001,2025-03-06,1,2025-07-02
2130,S004,2025-03-16,1,2025-04-13
2131,S001,2025-07-21,0,
2132,S003,2025-06-26,0,
2133,S003,2025-08-20,1,2025-08-23
2134,S003,2025-08-28,1,2025-08-30
2135,S001,2025-07-24,1,2025-08-18
2136,S004,2025-07-27,1,2025-08-31
2137,S001,2025-05-08,0,
2138,S001,2025-05-26,1,2025-07-26
2139,S002,2025-06-28,0,
2140,S003,2025-04-02,1,2025-07-31
2141,S002,2025-05-01,0,
2142,S001,2025-01-20,1,2025-02-24
2143,S002,2025-01-19,1,2025-06-08
2144,S002,2025-01-10,1,2025-06-09
2145,S003,2025-01-24,1,2025-03-25
2146,S001,2025-06-11,0,
2147,S004,2025-06-28,0,
2148,S004,2025-01-23,1,2025-03-22
2149,S001,2025-04-26,1,2025-06-07
2150,S001,2025-02-19,1,2025-03-31
2151,S003,2025-02-03,1,2025-02-18
2152,S003,2025-02-22,1,2025-05-09
2153,S001,2025-04-07,1,2025-07-11
2154,S001,2025-07-15,1,2025-07-19
2155,S004,2025-07-02,1,2025-08-06
2156,S004,2025-08-15,1,2025-08-21
2157,S004,2025-03-22,1,2025-05-15
2158,S002,2025-04-07,0,
2159,S003,2025-08-19,1,2025-08-30
2160,S003,2025-05-29,0,
2161,S002,2025-02-02,1,2025-02-14
2162,S001,2025-01-22,1,2025-06-08
2163,S001,2025-04-20,1,2025-06-11
2164,S003,2025-06-09,1,2025-08-02
2165,S001,2025-06-24,1,2025-08-06
2166,S003,2025-01-07,0,
2167,S002,2025-01-21,1,2025-03-10
2168,S003,2025-04-06,1,2025-04-12
2169,S003,2025-08-23,1,2025-08-27
2170,S001,2025-06-21,1,2025-08-21
2171,S003,2025-07-15,1,2025-08-23
2172,S001,2025-01-07,1,2025-01-19
2173,S001,2025-01-23,1,2025-06-04
2174,S002,2025-02-08,0,
2175,S003,2025-07-30,1,2025-08-23
2176,S004,2025-02-23,1,2025-07-27
2177,S004,2025-06-09,0,
2178,S004,2025-03-10,0,
2179,S001,2025-08-23,1,2025-08-23
2180,S002,2025-08-31,1,2025-08-31
2181,S003,2025-04-13,1,2025-05-22
2182,S003,2025-02-13,1,2025-07-28
2183,S002,2025-08-14,1,2025-08-18
2184,S004,2025-07-19,1,2025-08-17
2185,S002,2025-04-01,0,
2186,S002,2025-02-28,0,
2187,S001,2025-06-21,1,2025-08-08
2188,S003,2025-05-16,1,2025-05-18
2189,S001,2025-05-13,1,2025-06-17
2190,S001,2025-06-22,0,
2191,S001,2025-02-22,0,
2192,S001,2025-05-31,1,2025-08-29
2193,S002,2025-01-25,0,
2194,S001,2025-06-05,0,
2195,S004,2025-04-14,0,
2196,S003,2025-01-22,0,
2197,S004,2025-04-29,0,
2198,S004,2025-08-22,1,2025-08-22
2199,S002,2025-05-21,1,2025-08-05
2200,S003,2025-06-29,1,2025-08-04
2201,S003,2025-06-24,1,2025-08-10
2202,S004,2025-01-19,0,
2203,S002,2025-02-27,1,2025-07-12
2204,S001,2025-02-13,0,
2205,S002,2025-04-26,1,2025-07-21
2206,S002,2025-07-07,1,2025-08-09
2207,S001,2025-07-19,0,
2208,S001,2025-05-13,0,
2209,S002,2025-08-12,0,
2210,S001,2025-07-29,0,
2211,S003,2025-01-26,0,
2212,S001,2025-05-21,1,2025-08-02
2213,S004,2025-08-20,1,2025-08-23
2214,S001,2025-03-19,0,
2215,S004,2025-03-02,1,2025-08-19
2216,S003,2025-03-01,0,
2217,S002,2025-06-27,1,2025-07-03
2218,S003,2025-05-27,1,2025-05-29
2219,S003,2025-07-13,1,2025-08-18
2220,S003,2025-07-19,0,
2221,S004,2025-06-23,0,
2222,S001,2025-04-04,1,2025-08-27
2223,S004,2025-05-26,0,
2224,S003,2025-08-03,0,
2225,S001,2025-05-24,0,
2226,S002,2025-04-12,0,
2227,S004,2025-07-11,1,2025-08-15
2228,S002,2025-06-19,0,
2229,S003,2025-07-13,1,2025-07-31
2230,S003,2025-08-19,0,
2231,S002,2025-06-01,0,
2232,S003,2025-05-27,1,2025-07-18
2233,S003,2025-04-20,1,2025-05-27
2234,S002,2025-08-04,1,2025-08-12
2235,S004,2025-05-11,1,2025-05-16
2236,S002,2025-01-02,0,
2237,S003,2025-01-30,0,
2238,S001,2025-06-06,1,2025-06-09
2239,S001,2025-01-21,1,2025-06-25
2240,S004,2025-06-11,1,2025-08-24
2241,S001,2025-02-26,0,
2242,S004,2025-02-11,1,2025-06-05
2243,S002,2025-06-02,1,2025-06-04
2244,S004,2025-05-02,0,
2245,S001,2025-07-16,0,
2246,S001,2025-02-20,1,2025-04-20
2247,S001,2025-02-21,1,2025-06-03
2248,S003,2025-08-19,0,
2249,S004,2025-07-12,1,2025-08-13
2250,S002,2025-04-07,1,2025-06-01
2251,S001,2025-01-13,0,
2252,S001,2025-05-11,1,2025-08-23
2253,S002,2025-06-24,1,2025-07-07
2254,S001,2025-07-22,1,2025-08-23
2255,S002,2025-08-13,1,2025-08-31
2256,S003,2025-02-13,1,2025-05-11
2257,S004,2025-07-14,1,2025-07-28
2258,S001,2025-05-20,0,
2259,S002,2025-01-06,1,2025-07-04
2260,S002,2025-05-03,0,
2261,S002,2025-07-26,1,2025-07-26
2262,S001,2025-02-13,1,2025-07-24
2263,S002,2025-06-18,1,2025-07-30
2264,S002,2025-02-08,0,
2265,S003,2025-05-26,1,2025-07-23
2266,S002,2025-03-02,1,2025-08-04
2267,S004,2025-08-06,1,2025-08-07
2268,S001,2025-07-04,1,2025-08-17
2269,S002,2025-08-05,0,
2270,S004,2025-06-10,1,2025-08-07
2271,S001,2025-04-02,0,
2272,S001,2025-07-16,0,
2273,S003,2025-01-17,0,
2274,S002,2025-02-08,0,
2275,S002,2025-08-02,1,2025-08-18
2276,S001,2025-03-23,0,
2277,S004,2025-01-14,0,
2278,S003,2025-07-06,0,
2279,S003,2025-08-19,1,2025-08-31
2280,S001,2025-04-28,1,2025-05-23
2281,S003,2025-06-12,0,
2282,S002,2025-08-10,1,2025-08-16
2283,S003,2025-02-12,1,2025-08-06
2284,S001,2025-02-15,0,
2285,S001,2025-08-11,0,
2286,S003,2025-08-29,1,2025-08-31
2287,S004,2025-03-09,0,
2288,S001,2025-06-24,1,2025-07-27
2289,S004,2025-07-31,1,2025-08-07
2290,S001,2025-06-30,1,2025-07-15
2291,S001,2025-01-23,1,2025-05-19
2292,S001,2025-04-04,0,
2293,S001,2025-07-24,1,2025-08-13
2294,S001,2025-08-10,0,
2295,S004,2025-04-27,1,2025-07-03
2296,S001,2025-06-04,0,
2297,S003,2025-05-12,1,2025-08-29
2298,S003,2025-07-27,0,
2299,S002,2025-04-17,0,
2300,S004,2025-06-30,1,2025-07-21
2301,S003,2025-05-31,1,2025-07-16
2302,S004,2025-05-09,1,2025-07-26
2303,S001,2025-02-04,0,
2304,S001,2025-02-28,1,2025-04-28
2305,S001,2025-03-25,0,
2306,S002,2025-06-12,0,
2307,S002,2025-05-14,1,2025-07-02
2308,S001,2025-06-26,0,
2309,S001,2025-06-14,1,2025-06-14
2310,S002,2025-03-15,1,2025-04-01
2311,S001,2025-02-04,1,2025-02-20
2312,S001,2025-03-20,0,
2313,S003,2025-03-09,1,2025-04-30
2314,S003,2025-05-13,0,
2315,S002,2025-03-24,1,2025-06-24
2316,S002,2025-03-25,1,2025-04-17
2317,S002,2025-05-22,1,2025-06-04
2318,S003,2025-05-01,1,2025-06-28
2319,S004,2025-06-17,1,2025-07-10
2320,S001,2025-05-26,0,
2321,S001,2025-07-24,1,2025-08-30
2322,S003,2025-03-25,0,
2323,S001,2025-03-23,1,2025-06-09
2324,S003,2025-08-14,1,2025-08-19
2325,S003,2025-08-10,1,2025-08-25
2326,S002,2025-08-06,0,
2327,S002,2025-03-26,1,2025-08-25
2328,S001,2025-07-01,0,
2329,S003,2025-02-03,1,2025-08-29
2330,S001,2025-07-22,0,
2331,S004,2025-05-22,1,2025-08-17
2332,S003,2025-06-25,1,2025-08-11
2333,S003,2025-07-24,0,
2334,S003,2025-03-19,1,2025-06-26
2335,S004,2025-04-28,1,2025-08-12
2336,S001,2025-07-19,1,2025-08-24
2337,S002,2025-01-07,1,2025-02-26
2338,S002,2025-07-30,1,2025-07-30
2339,S001,2025-01-24,0,
2340,S004,2025-02-23,1,2025-08-17
2341,S003,2025-01-14,1,2025-07-30
2342,S003,2025-08-22,1,2025-08-23
2343,S004,2025-08-25,1,2025-08-28
2344,S002,2025-03-17,1,2025-07-05
2345,S001,2025-08-13,0,
2346,S003,2025-01-26,1,2025-01-31
2347,S004,2025-01-03,1,2025-03-27
2348,S004,2025-07-30,1,2025-08-22
2349,S001,2025-07-09,0,
2350,S002,2025-02-02,0,
2351,S004,2025-02-06,1,2025-05-25
2352,S001,2025-08-25,1,2025-08-31
2353,S004,2025-02-06,0,
2354,S001,2025-05-23,1,2025-05-30
2355,S001,2025-04-20,0,
2356,S001,2025-08-30,0,
2357,S001,2025-06-14,1,2025-07-20
2358,S003,2025-05-25,0,
2359,S002,2025-04-05,1,2025-07-03
2360,S003,2025-08-04,1,2025-08-30
2361,S001,2025-07-16,1,2025-08-17
2362,S001,2025-02-28,1,2025-06-10
2363,S003,2025-05-20,1,2025-06-01
2364,S004,2025-08-11,0,
2365,S001,2025-04-15,1,2025-06-17
2366,S002,2025-05-16,0,
2367,S001,2025-01-07,1,2025-04-28
2368,S002,2025-06-30,1,2025-07-16
2369,S001,2025-07-25,0,
2370,S002,2025-08-03,1,2025-08-15
2371,S002,2025-08-01,1,2025-08-28
2372,S003,2025-01-26,1,2025-04-20
2373,S001,2025-05-31,1,2025-07-29
2374,S001,2025-03-02,1,2025-07-21
2375,S001,2025-06-28,1,2025-06-28
2376,S002,2025-03-07,0,
2377,S002,2025-05-08,0,
2378,S002,2025-01-17,1,2025-06-17
2379,S004,2025-03-16,1,2025-06-21
2380,S003,2025-05-27,1,2025-06-25
2381,S002,2025-05-12,0,
2382,S004,2025-01-04,1,2025-08-02
2383,S002,2025-02-24,1,2025-07-05
2384,S003,2025-01-15,0,
2385,S004,2025-01-25,0,
2386,S003,2025-06-25,0,
2387,S001,2025-08-19,1,2025-08-20
2388,S004,2025-06-10,1,2025-07-17
2389,S001,2025-08-26,1,2025-08-28
2390,S001,2025-05-12,0,
2391,S001,2025-05-19,1,2025-08-30
2392,S001,2025-01-24,0,
2393,S003,2025-01-24,0,
2394,S002,2025-06-01,1,2025-06-22
2395,S004,2025-07-12,1,2025-08-23
2396,S001,2025-04-01,1,2025-05-01
2397,S001,2025-04-20,1,2025-06-22
2398,S002,2025-02-27,1,2025-06-03
2399,S003,2025-06-14,1,2025-07-21
2400,S002,2025-08-02,0,
2401,S001,2025-03-10,1,2025-05-28
2402,S002,2025-02-06,1,2025-05-08
2403,S004,2025-02-02,1,2025-06-28
2404,S004,2025-05-09,1,2025-05-14
2405,S001,2025-05-15,1,2025-07-27
2406,S001,2025-02-24,0,
2407,S003,2025-07-13,0,
2408,S003,2025-01-28,1,2025-05-29
2409,S002,2025-03-24,1,2025-04-17
2410,S003,2025-08-21,0,
2411,S004,2025-03-23,0,
2412,S002,2025-04-13,0,
2413,S001,2025-07-17,1,2025-08-30
2414,S003,2025-05-19,0,
2415,S002,2025-03-11,1,2025-05-19
2416,S003,2025-02-17,0,
2417,S001,2025-06-08,0,
2418,S002,2025-03-21,0,
2419,S003,2025-05-31,1,2025-07-10
2420,S004,2025-06-23,1,2025-08-23
2421,S001,2025-03-31,1,2025-07-30
2422,S003,2025-07-12,0,
2423,S001,2025-02-02,1,2025-06-30
2424,S002,2025-01-07,1,2025-06-22
2425,S004,2025-01-13,1,2025-04-19
2426,S002,2025-05-23,0,
2427,S004,2025-01-04,0,
2428,S002,2025-05-18,0,
2429,S001,2025-07-20,1,2025-08-27
2430,S003,2025-04-14,0,
2431,S003,2025-03-16,1,2025-06-25
2432,S002,2025-06-27,0,
2433,S002,2025-07-15,0,
2434,S003,2025-02-04,0,
2435,S003,2025-01-26,1,2025-06-03
2436,S004,2025-01-02,0,
2437,S001,2025-07-02,1,2025-08-06
2438,S001,2025-08-27,0,
2439,S003,2025-03-09,0,
2440,S003,2025-02-22,1,2025-04-21
2441,S004,2025-05-31,0,
2442,S004,2025-04-05,0,
2443,S004,2025-07-12,1,2025-08-01
2444,S001,2025-06-23,0,
2445,S003,2025-02-07,0,
2446,S003,2025-04-25,1,2025-08-28
2447,S003,2025-08-19,0,
2448,S001,2025-02-12,1,2025-02-19
2449,S002,2025-01-19,0,
2450,S003,2025-07-20,1,2025-08-04
2451,S004,2025-06-05,0,
2452,S001,2025-06-09,0,
2453,S002,2025-06-12,0,
2454,S003,2025-05-12,0,
2455,S001,2025-04-03,1,2025-07-21
2456,S001,2025-01-17,1,2025-06-24
2457,S003,2025-06-16,0,
2458,S002,2025-05-18,1,2025-07-21
2459,S002,2025-05-29,1,2025-08-12
2460,S002,2025-01-16,1,2025-04-06
2461,S001,2025-04-26,0,
2462,S002,2025-05-19,0,
2463,S002,2025-05-23,0,
2464,S003,2025-01-29,0,
2465,S002,2025-02-23,0,
2466,S003,2025-02-12,1,2025-02-23
2467,S002,2025-01-17,0,
2468,S003,2025-08-04,0,
2469,S003,2025-02-01,1,2025-02-22
2470,S004,2025-08-23,0,
2471,S003,2025-05-31,1,2025-06-06
2472,S002,2025-02-05,1,2025-04-25
2473,S004,2025-01-01,1,2025-07-17
2474,S001,2025-04-05,0,
2475,S001,2025-01-20,1,2025-07-15
2476,S002,2025-01-24,1,2025-07-08
2477,S004,2025-08-04,0,
2478,S004,2025-01-26,1,2025-08-23
2479,S003,2025-06-07,1,2025-08-17
2480,S002,2025-04-07,1,2025-08-30
2481,S002,2025-03-01,1,2025-07-21
2482,S003,2025-06-19,0,
2483,S002,2025-02-16,1,2025-03-07
2484,S001,2025-01-06,0,
2485,S003,2025-06-11,1,2025-08-21
2486,S004,2025-01-02,0,
2487,S002,2025-03-27,1,2025-04-26
2488,S001,2025-05-05,1,2025-07-21
2489,S003,2025-02-07,1,2025-07-12
2490,S002,2025-02-06,0,
2491,S001,2025-07-04,0,
2492,S001,2025-04-06,1,2025-04-17
2493,S002,2025-02-02,0,
2494,S001,2025-01-17,0,
2495,S001,2025-02-13,1,2025-03-19
2496,S001,2025-06-06,1,2025-07-11
2497,S003,2025-02-11,0,
2498,S004,2025-08-30,0,
2499,S003,2025-07-21,1,2025-08-25
2500,S003,2025-01-01,0,
2501,S003,2025-03-22,1,2025-04-11
2502,S001,2025-07-30,1,2025-08-11
2503,S001,2025-01-04,1,2025-05-07
2504,S003,2025-07-21,1,2025-08-10
2505,S002,2025-04-30,1,2025-07-10
2506,S003,2025-03-13,0,
2507,S001,2025-08-25,1,2025-08-28
2508,S001,2025-01-19,1,2025-04-14
2509,S004,2025-06-25,1,2025-08-23
2510,S001,2025-04-23,1,2025-06-23
2511,S002,2025-03-11,0,
2512,S004,2025-07-03,0,
2513,S002,2025-03-23,0,
2514,S001,2025-08-23,1,2025-08-23
2515,S003,2025-01-13,1,2025-05-07
2516,S002,2025-05-25,1,2025-05-26
2517,S001,2025-01-11,1,2025-07-09
2518,S002,2025-01-22,0,
2519,S003,2025-02-06,1,2025-04-22
2520,S002,2025-02-13,0,
2521,S004,2025-08-29,1,2025-08-29
2522,S002,2025-07-20,0,
2523,S001,2025-07-27,0,
2524,S004,2025-08-21,0,
2525,S001,2025-08-16,0,
2526,S003,2025-04-24,0,
2527,S003,2025-07-10,1,2025-08-02
2528,S001,2025-01-03,0,
2529,S002,2025-02-22,0,
2530,S004,2025-01-12,1,2025-07-09
2531,S004,2025-08-21,1,2025-08-24
2532,S004,2025-04-02,1,2025-06-03
2533,S004,2025-01-19,1,2025-05-03
2534,S001,2025-05-27,1,2025-08-05
2535,S001,2025-07-19,0,
2536,S003,2025-08-16,0,
2537,S002,2025-08-09,1,2025-08-09
2538,S003,2025-03-25,1,2025-05-05
2539,S001,2025-03-07,1,2025-06-15
2540,S003,2025-06-10,1,2025-08-22
2541,S003,2025-01-25,1,2025-08-01
2542,S001,2025-06-23,1,2025-07-24
2543,S004,2025-03-06,1,2025-04-13
2544,S001,2025-02-04,0,
2545,S002,2025-07-13,0,
2546,S003,2025-02-17,1,2025-07-18
2547,S003,2025-08-04,1,2025-08-25
2548,S001,2025-04-05,1,2025-05-22
2549,S001,2025-02-02,1,2025-05-26
2550,S002,2025-05-21,1,2025-06-14
2551,S004,2025-06-19,1,2025-08-03
2552,S002,2025-01-02,0,
2553,S002,2025-05-18,1,2025-07-27
2554,S001,2025-06-26,0,
2555,S003,2025-01-13,0,
2556,S004,2025-08-08,1,2025-08-25
2557,S001,2025-08-19,1,2025-08-27
2558,S003,2025-05-12,1,2025-08-12
2559,S004,2025-03-17,1,2025-08-24
2560,S004,2025-01-23,1,2025-05-27
2561,S001,2025-05-15,0,
2562,S003,2025-02-20,0,
2563,S001,2025-02-23,0,
2564,S004,2025-07-03,1,2025-07-25
2565,S002,2025-02-19,1,2025-03-24
2566,S001,2025-02-20,1,2025-03-06
2567,S002,2025-04-28,1,2025-08-21
2568,S004,2025-01-06,0,
2569,S004,2025-01-19,1,2025-04-25
2570,S001,2025-02-25,1,2025-03-04
2571,S001,2025-06-08,1,2025-06-28
2572,S002,2025-01-04,1,2025-04-07
2573,S001,2025-07-12,0,
2574,S002,2025-05-12,0,
2575,S002,2025-06-17,1,2025-08-11
2576,S001,2025-02-27,1,2025-05-26
2577,S002,2025-08-05,1,2025-08-09
2578,S004,2025-07-21,1,2025-07-29
2579,S001,2025-03-10,0,
2580,S004,2025-07-08,1,2025-08-15
2581,S004,2025-06-13,1,2025-07-22
2582,S001,2025-03-09,1,2025-07-30
2583,S002,2025-08-16,1,2025-08-17
2584,S003,2025-06-26,1,2025-07-06
2585,S001,2025-04-06,0,
2586,S003,2025-06-22,1,2025-08-03
2587,S004,2025-07-17,0,
2588,S002,2025-05-25,1,2025-06-28
2589,S001,2025-01-17,1,2025-03-29
2590,S004,2025-08-21,1,2025-08-26
2591,S002,2025-07-28,1,2025-08-22
2592,S001,2025-03-19,0,
2593,S004,2025-03-03,1,2025-07-31
2594,S003,2025-06-20,0,
2595,S004,2025-07-29,1,2025-08-18
2596,S002,2025-02-26,0,
2597,S003,2025-05-17,0,
2598,S003,2025-08-27,1,2025-08-29
2599,S001,2025-02-10,1,2025-07-28
2600,S003,2025-04-28,1,2025-08-14
2601,S004,2025-06-14,0,
2602,S001,2025-07-23,1,2025-08-01
2603,S001,2025-06-24,1,2025-07-18
2604,S003,2025-01-12,0,
2605,S002,2025-01-07,0,
2606,S003,2025-08-24,1,2025-08-26
2607,S001,2025-08-31,1,2025-08-31
2608,S002,2025-08-24,1,2025-08-30
2609,S001,2025-02-01,1,2025-07-10
2610,S001,2025-01-07,0,
2611,S004,2025-02-02,0,
2612,S001,2025-08-21,1,2025-08-23
2613,S003,2025-02-18,0,
2614,S003,2025-06-27,0,
2615,S004,2025-04-20,1,2025-07-18
2616,S003,2025-01-12,1,2025-04-21
2617,S001,2025-08-07,1,2025-08-08
2618,S004,2025-08-05,0,
2619,S004,2025-02-16,0,
2620,S003,2025-07-15,1,2025-07-31
2621,S004,2025-02-07,1,2025-04-03
2622,S003,2025-01-05,0,
2623,S001,2025-08-08,0,
2624,S002,2025-07-07,0,
2625,S004,2025-04-06,0,
2626,S001,2025-08-10,0,
2627,S003,2025-07-23,1,2025-07-29
2628,S001,2025-07-17,1,2025-08-21
2629,S002,2025-04-13,0,
2630,S001,2025-06-18,1,2025-06-26
2631,S004,2025-05-26,1,2025-06-17
2632,S004,2025-01-19,1,2025-08-03
2633,S002,2025-01-24,1,2025-04-30
2634,S003,2025-07-26,1,2025-08-25
2635,S001,2025-06-20,1,2025-08-22
2636,S002,2025-05-27,1,2025-08-26
2637,S004,2025-04-27,1,2025-07-08
2638,S004,2025-03-01,1,2025-08-02
2639,S003,2025-01-08,1,2025-04-04
2640,S004,2025-04-18,1,2025-06-10
2641,S003,2025-02-21,1,2025-03-16
2642,S003,2025-07-05,0,
2643,S003,2025-05-31,1,2025-06-03
2644,S001,2025-04-27,0,
2645,S002,2025-04-29,1,2025-06-07
2646,S004,2025-06-01,1,2025-07-10
2647,S001,2025-06-26,0,
2648,S001,2025-06-28,1,2025-07-23
2649,S002,2025-02-17,0,
2650,S001,2025-05-26,0,
2651,S001,2025-01-03,1,2025-04-02
2652,S004,2025-03-18,1,2025-04-07
2653,S003,2025-05-26,0,
2654,S003,2025-03-18,0,
2655,S003,2025-03-20,0,
2656,S001,2025-08-26,0,
2657,S002,2025-05-29,1,2025-06-26
2658,S003,2025-06-23,0,
2659,S003,2025-04-18,1,2025-08-18
2660,S002,2025-07-17,0,
2661,S002,2025-08-17,0,
2662,S004,2025-01-12,1,2025-03-30
2663,S003,2025-04-16,1,2025-08-14
2664,S002,2025-01-11,1,2025-06-05
2665,S001,2025-02-27,1,2025-03-06
2666,S001,2025-07-07,0,
2667,S003,2025-02-18,1,2025-05-15
2668,S003,2025-01-21,0,
2669,S002,2025-02-18,1,2025-05-12
2670,S001,2025-04-05,1,2025-05-27
2671,S001,2025-02-04,1,2025-04-08
2672,S003,2025-01-28,1,2025-03-28
2673,S003,2025-07-25,0,
2674,S001,2025-07-01,0,
2675,S001,2025-08-15,0,
2676,S001,2025-04-30,1,2025-05-04
2677,S004,2025-07-22,0,
2678,S003,2025-04-11,1,2025-08-03
2679,S003,2025-02-21,1,2025-04-01
2680,S001,2025-05-27,0,
2681,S003,2025-04-15,1,2025-05-02
2682,S002,2025-08-27,0,
2683,S001,2025-07-12,0,
2684,S004,2025-01-15,1,2025-02-28
2685,S003,2025-03-02,1,2025-05-10
2686,S003,2025-04-28,1,2025-08-30
2687,S004,2025-04-27,0,
2688,S003,2025-04-23,0,
2689,S001,2025-07-06,0,
2690,S003,2025-07-31,1,2025-08-06
2691,S001,2025-04-09,1,2025-08-25
2692,S004,2025-06-11,1,2025-08-14
2693,S001,2025-05-30,0,
2694,S004,2025-07-05,0,
2695,S001,2025-08-29,1,2025-08-29
2696,S001,2025-05-12,1,2025-08-09
2697,S004,2025-01-13,0,
2698,S002,2025-06-27,1,2025-07-25
2699,S003,2025-06-27,1,2025-08-06
2700,S004,2025-02-06,0,
2701,S001,2025-02-11,1,2025-04-26
2702,S003,2025-07-27,1,2025-08-20
2703,S001,2025-05-19,0,
2704,S002,2025-05-09,0,
2705,S001,2025-01-06,0,
2706,S001,2025-03-31,1,2025-06-19
2707,S001,2025-04-12,1,2025-06-04
2708,S002,2025-02-17,1,2025-06-24
2709,S002,2025-01-05,1,2025-08-19
2710,S001,2025-06-17,1,2025-07-07
2711,S001,2025-01-11,1,2025-04-02
2712,S003,2025-04-29,0,
2713,S001,2025-06-20,0,
2714,S002,2025-05-12,1,2025-08-05
2715,S001,2025-05-18,0,
2716,S001,2025-08-08,1,2025-08-28
2717,S002,2025-01-20,1,2025-04-05
2718,S002,2025-08-11,1,2025-08-24
2719,S001,2025-05-30,1,2025-07-10
2720,S001,2025-08-03,0,
2721,S003,2025-06-13,1,2025-07-14
2722,S002,2025-03-14,0,
2723,S001,2025-02-03,1,2025-07-21
2724,S001,2025-01-20,1,2025-01-24
2725,S001,2025-02-25,0,
2726,S001,2025-08-09,0,
2727,S001,2025-06-06,1,2025-08-23
2728,S001,2025-02-20,1,2025-07-10
2729,S003,2025-06-26,0,
2730,S002,2025-05-19,1,2025-07-27
2731,S004,2025-07-27,1,2025-08-11
2732,S003,2025-06-26,1,2025-08-18
2733,S003,2025-01-16,1,2025-06-01
2734,S004,2025-02-28,1,2025-07-20
2735,S001,2025-07-22,0,
2736,S004,2025-03-28,0,
2737,S002,2025-04-12,1,2025-06-14
2738,S003,2025-02-09,0,
2739,S003,2025-06-22,1,2025-08-26
2740,S002,2025-07-06,0,
2741,S002,2025-04-14,0,
2742,S001,2025-04-05,0,
2743,S001,2025-06-17,0,
2744,S003,2025-01-30,1,2025-06-07
2745,S001,2025-03-05,1,2025-05-20
2746,S002,2025-07-07,1,2025-08-01
2747,S002,2025-02-13,0,
2748,S004,2025-06-07,1,2025-08-18
2749,S001,2025-04-22,0,
2750,S003,2025-06-05,1,2025-07-09
2751,S002,2025-01-17,0,
2752,S003,2025-06-02,1,2025-08-28
2753,S001,2025-04-14,1,2025-08-22
2754,S002,2025-04-29,1,2025-08-14
2755,S001,2025-05-18,0,
2756,S001,2025-03-16,1,2025-08-17
2757,S001,2025-02-13,1,2025-02-21
2758,S001,2025-05-22,0,
2759,S001,2025-05-14,1,2025-06-11
2760,S003,2025-01-11,1,2025-03-30
2761,S003,2025-03-09,0,
2762,S002,2025-02-08,0,
2763,S003,2025-06-23,1,2025-08-11
2764,S002,2025-06-15,1,2025-07-30
2765,S003,2025-04-23,0,
2766,S004,2025-05-09,0,
2767,S003,2025-04-17,0,
2768,S001,2025-08-16,0,
2769,S002,2025-06-02,0,
2770,S001,2025-07-29,0,
2771,S003,2025-03-24,0,
2772,S001,2025-02-15,1,2025-04-02
2773,S001,2025-06-18,1,2025-06-21
2774,S002,2025-06-25,0,
2775,S002,2025-07-30,0,
2776,S001,2025-03-27,0,
2777,S002,2025-01-01,0,
2778,S001,2025-07-19,1,2025-08-28
2779,S003,2025-06-14,1,2025-07-15
2780,S001,2025-02-13,1,2025-08-03
2781,S001,2025-04-14,1,2025-08-20
2782,S002,2025-08-23,1,2025-08-23
2783,S003,2025-05-01,1,2025-06-16
2784,S001,2025-07-10,0,
2785,S004,2025-03-18,0,
2786,S002,2025-01-10,1,2025-05-15
2787,S001,2025-01-22,0,
2788,S002,2025-04-20,0,
2789,S002,2025-04-01,0,
2790,S001,2025-03-22,0,
2791,S003,2025-06-19,1,2025-07-30
2792,S002,2025-05-12,1,2025-05-25
2793,S002,2025-01-23,0,
2794,S001,2025-08-27,1,2025-08-29
2795,S001,2025-08-16,1,2025-08-29
2796,S001,2025-07-22,1,2025-07-24
2797,S003,2025-01-05,1,2025-03-05
2798,S002,2025-05-19,1,2025-08-11
2799,S003,2025-07-08,0,
2800,S002,2025-07-05,1,2025-07-28
2801,S001,2025-06-12,0,
2802,S001,2025-06-01,1,2025-06-19
2803,S003,2025-08-18,0,
2804,S004,2025-06-13,0,
2805,S004,2025-05-29,1,2025-07-01
2806,S001,2025-05-08,0,
2807,S001,2025-07-05,1,2025-07-06
2808,S003,2025-07-18,1,2025-08-02
2809,S003,2025-05-28,1,2025-05-30
2810,S003,2025-06-11,0,
2811,S004,2025-05-24,0,
2812,S001,2025-06-10,0,
2813,S001,2025-07-11,1,2025-08-22
2814,S002,2025-02-01,1,2025-08-21
2815,S001,2025-05-27,0,
2816,S003,2025-04-20,1,2025-05-05
2817,S001,2025-02-01,1,2025-04-25
2818,S004,2025-01-18,0,
2819,S001,2025-04-13,1,2025-08-03
2820,S003,2025-03-04,1,2025-05-04
2821,S003,2025-08-12,0,
2822,S004,2025-03-05,1,2025-05-29
2823,S001,2025-04-02,1,2025-05-01
2824,S004,2025-06-18,1,2025-08-22
2825,S002,2025-06-02,1,2025-08-24
2826,S001,2025-01-22,1,2025-03-28
2827,S002,2025-06-09,0,
2828,S004,2025-08-12,0,
2829,S002,2025-02-18,0,
2830,S001,2025-05-05,1,2025-06-28
