SiteID,Date,QueryCount,QueriesOpen,DataCompletenessPct,TimelinessScore
S001,2025-01-01,0,0,96.56,9.56
S002,2025-01-01,9,0,94.0,9.0
S003,2025-01-01,7,1,98.47,4.42
S004,2025-01-01,15,5,81.38,3.36
S001,2025-01-02,1,0,97.66,8.19
S002,2025-01-02,7,1,85.52,7.51
S003,2025-01-02,5,0,89.5,6.08
S004,2025-01-02,6,5,71.81,4.71
S001,2025-01-03,2,0,97.25,8.92
S002,2025-01-03,8,1,89.35,6.07
S003,2025-01-03,5,1,83.74,7.17
S004,2025-01-03,16,3,83.59,3.09
S001,2025-01-04,0,1,98.4,9.32
S002,2025-01-04,5,2,89.21,6.67
S003,2025-01-04,1,1,95.17,5.08
S004,2025-01-04,11,4,71.14,1.0
S001,2025-01-05,1,0,97.95,8.88
S002,2025-01-05,7,3,89.43,5.31
S003,2025-01-05,6,2,94.24,5.25
S004,2025-01-05,15,5,72.03,3.02
S001,2025-01-06,0,0,98.37,8.69
S002,2025-01-06,7,1,87.07,5.95
S003,2025-01-06,3,3,85.93,5.77
S004,2025-01-06,9,6,74.67,2.48
S001,2025-01-07,2,0,98.52,8.21
S002,2025-01-07,2,2,89.04,6.75
S003,2025-01-07,6,2,85.13,8.27
S004,2025-01-07,14,6,72.66,3.31
S001,2025-01-08,0,1,97.64,9.02
S002,2025-01-08,9,0,87.95,6.55
S003,2025-01-08,13,1,91.77,5.87
S004,2025-01-08,24,1,76.38,1.37
S001,2025-01-09,0,1,98.14,8.77
S002,2025-01-09,6,5,89.23,6.61
S003,2025-01-09,5,2,89.29,5.51
S004,2025-01-09,24,7,76.55,1.0
S001,2025-01-10,1,3,97.77,9.88
S002,2025-01-10,11,2,87.47,4.0
S003,2025-01-10,9,1,90.53,4.5
S004,2025-01-10,13,5,77.07,1.89
S001,2025-01-11,3,0,96.33,8.91
S002,2025-01-11,7,2,94.09,5.72
S003,2025-01-11,6,0,92.46,6.22
S004,2025-01-11,12,1,81.78,1.77
S001,2025-01-12,1,1,96.8,7.81
S002,2025-01-12,1,2,88.36,9.51
S003,2025-01-12,4,0,88.3,6.29
S004,2025-01-12,12,6,72.09,1.62
S001,2025-01-13,0,0,97.48,8.76
S002,2025-01-13,5,3,93.68,5.6
S003,2025-01-13,1,1,88.2,5.21
S004,2025-01-13,11,3,74.45,2.36
S001,2025-01-14,2,1,97.09,10.0
S002,2025-01-14,4,0,91.14,5.02
S003,2025-01-14,7,0,94.18,6.81
S004,2025-01-14,7,2,82.69,2.26
S001,2025-01-15,1,0,97.65,8.82
S002,2025-01-15,9,0,85.44,6.54
S003,2025-01-15,10,0,93.24,6.05
S004,2025-01-15,20,4,65.91,2.85
S001,2025-01-16,3,0,97.61,8.86
S002,2025-01-16,1,4,87.3,6.61
S003,2025-01-16,6,3,91.22,5.72
S004,2025-01-16,10,6,68.51,3.65
S001,2025-01-17,0,1,98.16,9.52
S002,2025-01-17,7,0,87.42,6.81
S003,2025-01-17,7,3,91.21,4.84
S004,2025-01-17,11,5,66.74,4.67
S001,2025-01-18,2,1,96.42,10.0
S002,2025-01-18,13,0,92.31,6.0
S003,2025-01-18,2,2,92.5,5.28
S004,2025-01-18,20,1,70.02,3.14
S001,2025-01-19,2,0,98.81,9.42
S002,2025-01-19,9,1,91.81,5.47
S003,2025-01-19,13,1,96.32,6.04
S004,2025-01-19,8,7,76.5,3.85
S001,2025-01-20,3,1,97.41,9.78
S002,2025-01-20,7,2,83.54,6.54
S003,2025-01-20,5,3,91.87,6.29
S004,2025-01-20,17,3,82.49,4.99
S001,2025-01-21,2,2,97.43,8.36
S002,2025-01-21,7,2,88.82,6.65
S003,2025-01-21,7,0,91.56,7.04
S004,2025-01-21,15,7,71.13,3.47
S001,2025-01-22,0,0,97.37,8.25
S002,2025-01-22,5,1,92.51,5.61
S003,2025-01-22,2,3,87.49,5.93
S004,2025-01-22,17,5,80.38,3.48
S001,2025-01-23,1,2,98.19,8.88
S002,2025-01-23,9,2,91.2,8.99
S003,2025-01-23,6,1,90.35,7.29
S004,2025-01-23,7,1,73.65,1.37
S001,2025-01-24,1,1,97.11,7.86
S002,2025-01-24,7,3,84.92,6.98
S003,2025-01-24,9,3,93.66,8.64
S004,2025-01-24,13,5,74.33,3.0
S001,2025-01-25,3,0,97.14,10.0
S002,2025-01-25,10,1,92.56,6.41
S003,2025-01-25,11,2,93.08,9.17
S004,2025-01-25,17,5,78.89,2.63
S001,2025-01-26,4,0,97.73,8.33
S002,2025-01-26,10,3,88.51,6.69
S003,2025-01-26,2,2,91.36,8.05
S004,2025-01-26,11,2,72.42,1.66
S001,2025-01-27,3,2,98.32,9.98
S002,2025-01-27,7,1,89.0,5.63
S003,2025-01-27,2,2,89.88,6.89
S004,2025-01-27,15,4,72.52,3.07
S001,2025-01-28,2,0,98.09,9.19
S002,2025-01-28,4,1,90.69,4.64
S003,2025-01-28,8,0,93.19,8.81
S004,2025-01-28,10,6,73.09,4.04
S001,2025-01-29,0,1,97.13,8.83
S002,2025-01-29,3,2,87.49,6.66
S003,2025-01-29,5,1,90.44,5.09
S004,2025-01-29,16,8,72.89,4.17
S001,2025-01-30,3,0,96.54,9.24
S002,2025-01-30,5,4,90.1,5.04
S003,2025-01-30,3,3,88.29,6.05
S004,2025-01-30,19,4,75.82,2.98
S001,2025-01-31,2,1,97.78,9.05
S002,2025-01-31,5,0,90.77,8.27
S003,2025-01-31,4,1,87.39,6.87
S004,2025-01-31,17,4,72.33,3.09
S001,2025-02-01,0,0,98.87,8.0
S002,2025-02-01,2,3,88.16,7.36
S003,2025-02-01,6,1,91.32,4.94
S004,2025-02-01,15,4,70.72,3.34
S001,2025-02-02,1,0,96.79,10.0
S002,2025-02-02,9,3,89.08,4.0
S003,2025-02-02,12,1,87.75,6.5
S004,2025-02-02,20,4,81.11,4.08
S001,2025-02-03,0,0,98.96,7.0
S002,2025-02-03,6,0,88.57,5.64
S003,2025-02-03,5,1,86.71,8.75
S004,2025-02-03,24,2,82.33,2.6
S001,2025-02-04,2,0,97.34,9.79
S002,2025-02-04,7,1,86.09,4.93
S003,2025-02-04,2,2,86.41,5.68
S004,2025-02-04,21,7,75.87,2.91
S001,2025-02-05,3,1,97.67,7.86
S002,2025-02-05,8,2,88.11,6.35
S003,2025-02-05,5,1,82.54,5.73
S004,2025-02-05,19,3,76.21,2.24
S001,2025-02-06,2,0,97.06,10.0
S002,2025-02-06,9,1,91.49,6.64
S003,2025-02-06,8,0,93.02,5.32
S004,2025-02-06,13,10,77.21,2.61
S001,2025-02-07,0,2,96.65,8.2
S002,2025-02-07,6,3,92.32,5.81
S003,2025-02-07,7,1,90.42,6.09
S004,2025-02-07,19,6,77.98,2.64
S001,2025-02-08,2,0,96.92,8.68
S002,2025-02-08,7,3,89.45,4.55
S003,2025-02-08,7,2,90.56,7.1
S004,2025-02-08,20,3,73.54,1.96
S001,2025-02-09,2,2,97.68,8.81
S002,2025-02-09,11,2,91.31,4.57
S003,2025-02-09,9,0,86.6,5.58
S004,2025-02-09,12,4,70.24,3.96
S001,2025-02-10,3,0,98.98,8.35
S002,2025-02-10,9,1,90.09,5.78
S003,2025-02-10,10,0,91.82,7.32
S004,2025-02-10,18,9,73.88,3.96
S001,2025-02-11,1,1,97.99,8.69
S002,2025-02-11,10,1,85.76,5.38
S003,2025-02-11,8,3,90.33,7.58
S004,2025-02-11,8,4,74.85,2.89
S001,2025-02-12,2,1,97.56,9.11
S002,2025-02-12,6,0,89.66,5.83
S003,2025-02-12,6,2,90.23,5.48
S004,2025-02-12,21,2,73.12,5.78
S001,2025-02-13,0,0,98.73,7.34
S002,2025-02-13,6,4,85.37,4.0
S003,2025-02-13,2,3,93.37,5.38
S004,2025-02-13,18,7,83.15,2.75
S001,2025-02-14,0,0,97.57,8.79
S002,2025-02-14,6,3,93.82,5.79
S003,2025-02-14,10,2,90.19,7.09
S004,2025-02-14,15,9,70.25,2.48
S001,2025-02-15,1,1,99.27,8.98
S002,2025-02-15,2,3,92.26,4.0
S003,2025-02-15,6,0,88.01,4.92
S004,2025-02-15,19,5,70.86,3.88
S001,2025-02-16,0,1,97.19,8.71
S002,2025-02-16,8,2,94.01,5.9
S003,2025-02-16,7,1,90.55,6.53
S004,2025-02-16,14,1,77.33,3.36
S001,2025-02-17,1,0,99.48,9.39
S002,2025-02-17,6,0,87.53,7.56
S003,2025-02-17,7,1,91.53,5.02
S004,2025-02-17,22,7,74.13,2.37
S001,2025-02-18,0,0,96.66,9.11
S002,2025-02-18,6,0,89.16,6.61
S003,2025-02-18,8,0,89.62,4.34
S004,2025-02-18,19,6,72.41,2.23
S001,2025-02-19,1,0,98.34,8.78
S002,2025-02-19,9,0,88.14,4.19
S003,2025-02-19,3,0,92.99,5.16
S004,2025-02-19,15,4,70.92,2.83
S001,2025-02-20,2,0,98.81,8.32
S002,2025-02-20,5,2,88.01,6.05
S003,2025-02-20,6,2,82.86,4.0
S004,2025-02-20,18,7,72.36,2.76
S001,2025-02-21,2,1,95.97,8.29
S002,2025-02-21,6,2,97.5,5.73
S003,2025-02-21,2,2,93.96,6.13
S004,2025-02-21,10,6,78.65,1.97
S001,2025-02-22,2,1,99.18,8.95
S002,2025-02-22,5,3,86.37,6.53
S003,2025-02-22,2,3,89.23,7.52
S004,2025-02-22,17,2,81.7,4.55
S001,2025-02-23,2,0,97.69,9.12
S002,2025-02-23,4,4,90.43,4.0
S003,2025-02-23,8,1,89.78,5.56
S004,2025-02-23,19,7,77.13,2.66
S001,2025-02-24,1,0,97.2,9.46
S002,2025-02-24,8,3,93.77,5.18
S003,2025-02-24,9,0,92.09,5.38
S004,2025-02-24,9,5,65.3,1.25
S001,2025-02-25,1,0,97.63,7.74
S002,2025-02-25,4,2,91.75,5.98
S003,2025-02-25,10,2,87.76,5.66
S004,2025-02-25,7,4,80.45,3.69
S001,2025-02-26,3,0,99.35,8.85
S002,2025-02-26,11,1,92.12,7.77
S003,2025-02-26,6,2,93.87,5.84
S004,2025-02-26,8,9,74.12,3.16
S001,2025-02-27,3,0,96.99,9.2
S002,2025-02-27,1,1,90.74,5.68
S003,2025-02-27,2,3,90.31,7.72
S004,2025-02-27,13,3,77.08,2.78
S001,2025-02-28,0,2,97.38,7.53
S002,2025-02-28,10,1,88.18,4.0
S003,2025-02-28,12,0,90.18,7.1
S004,2025-02-28,17,4,69.19,2.19
S001,2025-03-01,2,0,98.2,9.55
S002,2025-03-01,9,0,96.59,6.92
S003,2025-03-01,6,3,97.1,4.27
S004,2025-03-01,13,1,76.77,3.37
S001,2025-03-02,1,0,95.95,9.3
S002,2025-03-02,11,1,91.32,4.12
S003,2025-03-02,8,1,87.71,5.09
S004,2025-03-02,13,5,70.75,2.6
S001,2025-03-03,1,0,99.8,8.32
S002,2025-03-03,4,0,95.4,6.66
S003,2025-03-03,4,3,90.6,6.31
S004,2025-03-03,13,3,77.35,2.45
S001,2025-03-04,3,0,99.54,8.91
S002,2025-03-04,7,2,88.11,7.04
S003,2025-03-04,1,1,87.23,4.5
S004,2025-03-04,13,5,78.81,3.24
S001,2025-03-05,1,1,98.12,9.75
S002,2025-03-05,9,2,87.31,5.22
S003,2025-03-05,5,1,90.8,6.86
S004,2025-03-05,14,5,76.57,2.48
S001,2025-03-06,1,0,97.3,9.38
S002,2025-03-06,4,1,91.4,6.62
S003,2025-03-06,3,3,93.38,4.64
S004,2025-03-06,10,7,75.41,1.0
S001,2025-03-07,0,0,96.84,8.67
S002,2025-03-07,7,3,89.13,7.29
S003,2025-03-07,11,3,90.85,4.0
S004,2025-03-07,17,7,75.68,4.74
S001,2025-03-08,2,1,99.09,9.27
S002,2025-03-08,1,1,93.59,5.03
S003,2025-03-08,6,0,95.35,8.02
S004,2025-03-08,10,5,73.28,3.61
S001,2025-03-09,2,1,98.33,10.0
S002,2025-03-09,3,0,88.82,4.12
S003,2025-03-09,2,0,87.23,4.85
S004,2025-03-09,17,3,75.28,3.89
S001,2025-03-10,1,0,98.37,7.45
S002,2025-03-10,1,2,91.48,8.48
S003,2025-03-10,7,2,89.41,6.36
S004,2025-03-10,23,1,77.65,5.14
S001,2025-03-11,2,2,97.37,8.97
S002,2025-03-11,7,0,86.5,4.68
S003,2025-03-11,9,3,90.97,6.99
S004,2025-03-11,14,7,76.04,3.06
S001,2025-03-12,1,1,97.58,9.78
S002,2025-03-12,3,0,92.06,5.89
S003,2025-03-12,5,3,88.18,5.76
S004,2025-03-12,21,8,82.29,2.72
S001,2025-03-13,3,0,97.09,7.12
S002,2025-03-13,12,0,89.62,4.91
S003,2025-03-13,9,1,86.09,6.53
S004,2025-03-13,7,3,67.57,1.58
S001,2025-03-14,2,0,96.52,9.0
S002,2025-03-14,5,4,95.5,4.96
S003,2025-03-14,8,2,88.21,4.21
S004,2025-03-14,14,4,74.26,3.44
S001,2025-03-15,1,0,98.11,9.31
S002,2025-03-15,3,3,84.69,5.31
S003,2025-03-15,6,1,88.3,8.25
S004,2025-03-15,10,9,77.75,3.09
S001,2025-03-16,2,3,97.01,8.1
S002,2025-03-16,4,2,84.82,6.03
S003,2025-03-16,12,2,89.12,5.26
S004,2025-03-16,19,3,83.39,4.93
S001,2025-03-17,2,0,99.03,9.88
S002,2025-03-17,4,1,86.03,6.49
S003,2025-03-17,8,0,88.63,4.38
S004,2025-03-17,10,6,73.07,2.7
S001,2025-03-18,0,0,97.96,8.42
S002,2025-03-18,6,2,87.56,4.23
S003,2025-03-18,12,1,89.71,7.21
S004,2025-03-18,32,2,77.8,2.29
S001,2025-03-19,1,0,96.87,8.97
S002,2025-03-19,2,3,90.17,6.51
S003,2025-03-19,5,1,90.86,4.6
S004,2025-03-19,13,3,72.44,1.0
S001,2025-03-20,3,0,99.16,9.86
S002,2025-03-20,3,0,97.68,8.1
S003,2025-03-20,6,2,88.11,6.52
S004,2025-03-20,11,1,70.71,3.02
S001,2025-03-21,0,0,96.93,8.37
S002,2025-03-21,9,2,89.97,7.05
S003,2025-03-21,8,3,88.62,5.48
S004,2025-03-21,8,4,79.86,4.3
S001,2025-03-22,2,0,99.08,7.53
S002,2025-03-22,9,1,92.11,4.4
S003,2025-03-22,10,0,87.99,4.8
S004,2025-03-22,6,5,83.22,5.67
S001,2025-03-23,2,1,98.23,9.4
S002,2025-03-23,5,2,91.61,5.31
S003,2025-03-23,6,1,92.48,4.72
S004,2025-03-23,14,8,80.66,4.35
S001,2025-03-24,2,1,99.0,10.0
S002,2025-03-24,1,0,93.93,5.67
S003,2025-03-24,4,0,88.33,4.32
S004,2025-03-24,25,4,75.77,3.59
S001,2025-03-25,2,1,99.07,8.5
S002,2025-03-25,6,2,88.42,5.99
S003,2025-03-25,8,2,84.67,6.86
S004,2025-03-25,13,6,79.11,4.61
S001,2025-03-26,3,2,99.44,9.23
S002,2025-03-26,7,3,92.2,5.63
S003,2025-03-26,8,1,87.44,7.55
S004,2025-03-26,15,9,69.5,2.44
S001,2025-03-27,2,1,98.4,9.25
S002,2025-03-27,3,0,90.97,4.36
S003,2025-03-27,5,2,87.05,7.93
S004,2025-03-27,21,1,72.27,1.0
S001,2025-03-28,1,1,97.59,9.37
S002,2025-03-28,2,2,88.33,6.01
S003,2025-03-28,6,0,86.54,7.16
S004,2025-03-28,16,7,77.3,3.14
S001,2025-03-29,0,0,97.97,10.0
S002,2025-03-29,9,3,91.79,5.15
S003,2025-03-29,7,2,87.18,5.54
S004,2025-03-29,13,8,67.68,4.21
S001,2025-03-30,1,0,99.18,9.59
S002,2025-03-30,10,2,96.18,6.67
S003,2025-03-30,6,2,93.73,5.06
S004,2025-03-30,11,4,67.58,3.14
S001,2025-03-31,0,0,98.87,8.62
S002,2025-03-31,12,0,93.57,6.81
S003,2025-03-31,1,5,89.81,4.95
S004,2025-03-31,7,4,75.49,3.1
S001,2025-04-01,1,1,97.61,7.45
S002,2025-04-01,6,0,91.06,4.82
S003,2025-04-01,7,3,87.15,7.27
S004,2025-04-01,12,8,74.54,2.16
S001,2025-04-02,2,0,97.16,8.62
S002,2025-04-02,6,3,84.2,6.03
S003,2025-04-02,8,2,93.93,5.91
S004,2025-04-02,14,6,76.4,2.61
S001,2025-04-03,2,0,97.39,8.58
S002,2025-04-03,11,0,91.19,6.04
S003,2025-04-03,1,2,91.43,6.71
S004,2025-04-03,3,7,73.05,3.69
S001,2025-04-04,2,0,98.66,8.69
S002,2025-04-04,1,3,87.67,4.97
S003,2025-04-04,5,2,89.83,6.66
S004,2025-04-04,8,3,75.54,4.9
S001,2025-04-05,1,1,98.04,8.61
S002,2025-04-05,6,1,91.81,7.65
S003,2025-04-05,8,3,87.11,5.5
S004,2025-04-05,11,5,74.56,3.73
S001,2025-04-06,1,0,98.69,7.35
S002,2025-04-06,13,1,83.92,6.19
S003,2025-04-06,7,1,92.97,6.9
S004,2025-04-06,16,5,75.58,4.78
S001,2025-04-07,0,0,98.07,9.65
S002,2025-04-07,4,0,90.47,6.34
S003,2025-04-07,11,0,93.46,8.84
S004,2025-04-07,13,2,74.37,3.01
S001,2025-04-08,2,0,99.56,8.11
S002,2025-04-08,1,3,83.18,5.76
S003,2025-04-08,16,1,86.64,5.93
S004,2025-04-08,14,5,78.65,1.96
S001,2025-04-09,3,1,98.73,8.5
S002,2025-04-09,10,1,90.83,4.88
S003,2025-04-09,4,2,88.67,4.98
S004,2025-04-09,11,6,73.48,2.88
S001,2025-04-10,2,0,96.53,9.27
S002,2025-04-10,4,3,92.9,6.86
S003,2025-04-10,12,1,91.95,5.3
S004,2025-04-10,27,8,76.05,3.39
S001,2025-04-11,3,0,97.34,9.7
S002,2025-04-11,7,2,87.5,4.0
S003,2025-04-11,7,3,89.32,7.72
S004,2025-04-11,11,2,75.73,2.92
S001,2025-04-12,2,0,99.37,10.0
S002,2025-04-12,6,3,86.83,7.29
S003,2025-04-12,10,3,89.95,4.0
S004,2025-04-12,11,3,72.09,3.12
S001,2025-04-13,1,0,96.94,8.43
S002,2025-04-13,10,1,88.46,5.45
S003,2025-04-13,8,2,80.87,7.23
S004,2025-04-13,22,2,72.11,2.55
S001,2025-04-14,1,1,96.05,8.11
S002,2025-04-14,11,0,93.73,6.43
S003,2025-04-14,1,2,89.65,5.45
S004,2025-04-14,16,5,78.83,4.18
S001,2025-04-15,2,0,97.53,10.0
S002,2025-04-15,9,4,94.19,6.29
S003,2025-04-15,7,1,84.79,6.02
S004,2025-04-15,21,3,77.65,3.85
S001,2025-04-16,1,0,96.98,8.34
S002,2025-04-16,3,0,94.26,4.9
S003,2025-04-16,7,1,93.54,7.57
S004,2025-04-16,19,5,75.08,1.81
S001,2025-04-17,3,0,98.66,9.85
S002,2025-04-17,5,3,92.29,8.07
S003,2025-04-17,5,0,88.48,6.25
S004,2025-04-17,15,4,68.36,3.47
S001,2025-04-18,3,1,98.61,9.46
S002,2025-04-18,8,3,91.19,5.62
S003,2025-04-18,4,1,90.94,5.62
S004,2025-04-18,16,5,79.33,4.28
S001,2025-04-19,2,0,97.65,9.04
S002,2025-04-19,1,3,90.43,6.46
S003,2025-04-19,11,1,91.72,5.87
S004,2025-04-19,14,3,82.66,2.62
S001,2025-04-20,2,0,99.18,9.84
S002,2025-04-20,7,1,91.2,8.75
S003,2025-04-20,1,2,87.27,5.98
S004,2025-04-20,13,4,75.96,1.87
S001,2025-04-21,3,0,98.54,8.74
S002,2025-04-21,3,2,85.33,6.05
S003,2025-04-21,2,2,87.23,5.46
S004,2025-04-21,16,3,75.77,1.49
S001,2025-04-22,2,2,100.0,9.07
S002,2025-04-22,9,0,94.51,6.93
S003,2025-04-22,5,3,89.24,5.45
S004,2025-04-22,17,2,80.09,1.94
S001,2025-04-23,0,0,98.76,8.51
S002,2025-04-23,2,1,89.9,4.58
S003,2025-04-23,3,4,87.42,5.61
S004,2025-04-23,13,4,78.49,3.95
S001,2025-04-24,1,0,99.27,8.92
S002,2025-04-24,12,0,90.59,8.3
S003,2025-04-24,5,1,90.89,5.33
S004,2025-04-24,13,4,73.49,4.23
S001,2025-04-25,2,1,98.81,8.79
S002,2025-04-25,4,1,90.01,4.73
S003,2025-04-25,5,1,96.37,4.0
S004,2025-04-25,14,8,76.49,3.75
S001,2025-04-26,2,0,95.76,9.16
S002,2025-04-26,4,1,88.5,8.09
S003,2025-04-26,14,2,88.61,4.59
S004,2025-04-26,17,8,75.01,1.0
S001,2025-04-27,2,1,96.41,9.14
S002,2025-04-27,8,1,87.63,7.22
S003,2025-04-27,5,0,83.85,7.51
S004,2025-04-27,18,5,74.24,2.47
S001,2025-04-28,0,0,95.88,8.41
S002,2025-04-28,6,2,89.88,6.95
S003,2025-04-28,11,3,91.41,6.01
S004,2025-04-28,10,6,82.72,3.34
S001,2025-04-29,3,0,96.85,9.68
S002,2025-04-29,7,3,89.95,4.96
S003,2025-04-29,6,0,86.61,7.17
S004,2025-04-29,19,5,69.12,2.64
S001,2025-04-30,0,1,97.42,8.13
S002,2025-04-30,7,1,94.45,5.12
S003,2025-04-30,2,0,89.91,5.33
S004,2025-04-30,7,7,78.67,2.97
S001,2025-05-01,3,1,97.18,8.17
S002,2025-05-01,9,2,90.51,4.98
S003,2025-05-01,8,1,89.69,7.74
S004,2025-05-01,11,1,71.79,3.99
S001,2025-05-02,2,0,97.49,9.39
S002,2025-05-02,4,2,87.81,4.92
S003,2025-05-02,5,1,89.85,6.28
S004,2025-05-02,3,3,74.43,4.51
S001,2025-05-03,0,0,99.5,7.95
S002,2025-05-03,8,1,88.49,5.04
S003,2025-05-03,4,5,92.53,7.32
S004,2025-05-03,17,1,77.58,4.07
S001,2025-05-04,1,1,98.7,10.0
S002,2025-05-04,5,0,88.92,7.72
S003,2025-05-04,1,0,90.27,5.47
S004,2025-05-04,15,6,73.79,1.13
S001,2025-05-05,4,0,96.94,9.88
S002,2025-05-05,5,1,91.45,7.3
S003,2025-05-05,5,3,83.59,6.91
S004,2025-05-05,10,7,76.57,2.33
S001,2025-05-06,2,1,98.64,8.18
S002,2025-05-06,5,1,89.88,6.9
S003,2025-05-06,1,2,89.13,4.99
S004,2025-05-06,11,4,61.6,2.3
S001,2025-05-07,1,1,97.19,8.83
S002,2025-05-07,11,3,92.71,5.4
S003,2025-05-07,8,1,89.41,6.49
S004,2025-05-07,12,7,75.36,3.62
S001,2025-05-08,3,1,96.59,9.36
S002,2025-05-08,9,3,86.66,5.21
S003,2025-05-08,9,1,89.1,7.89
S004,2025-05-08,14,3,72.49,3.33
S001,2025-05-09,0,0,98.33,10.0
S002,2025-05-09,9,1,93.54,5.64
S003,2025-05-09,3,1,94.31,6.2
S004,2025-05-09,15,8,70.27,1.71
S001,2025-05-10,0,1,98.17,10.0
S002,2025-05-10,7,1,90.01,6.14
S003,2025-05-10,1,5,91.56,6.25
S004,2025-05-10,18,6,75.44,2.37
S001,2025-05-11,2,1,97.19,10.0
S002,2025-05-11,7,2,94.18,6.03
S003,2025-05-11,7,2,87.83,6.06
S004,2025-05-11,15,3,85.27,1.59
S001,2025-05-12,0,1,98.71,8.18
S002,2025-05-12,8,3,89.91,9.12
S003,2025-05-12,1,2,93.5,7.07
S004,2025-05-12,13,4,77.78,3.82
S001,2025-05-13,2,1,96.98,8.82
S002,2025-05-13,4,1,93.05,6.13
S003,2025-05-13,14,2,90.18,6.13
S004,2025-05-13,11,4,80.51,3.11
S001,2025-05-14,1,0,97.55,9.06
S002,2025-05-14,10,0,89.04,6.17
S003,2025-05-14,1,0,87.96,5.04
S004,2025-05-14,15,4,73.78,3.43
S001,2025-05-15,3,2,96.08,9.46
S002,2025-05-15,6,2,88.81,6.14
S003,2025-05-15,7,1,87.31,5.46
S004,2025-05-15,16,6,79.41,2.51
S001,2025-05-16,2,1,99.17,8.95
S002,2025-05-16,6,2,86.55,5.77
S003,2025-05-16,9,2,89.19,6.26
S004,2025-05-16,10,6,75.69,2.72
S001,2025-05-17,1,0,97.55,9.53
S002,2025-05-17,5,3,94.4,4.93
S003,2025-05-17,7,1,89.02,8.4
S004,2025-05-17,13,5,78.17,2.0
S001,2025-05-18,1,0,97.11,7.0
S002,2025-05-18,8,4,90.44,4.3
S003,2025-05-18,5,1,86.95,7.03
S004,2025-05-18,19,2,78.9,4.53
S001,2025-05-19,3,3,97.1,10.0
S002,2025-05-19,5,1,90.98,5.3
S003,2025-05-19,8,0,89.28,7.54
S004,2025-05-19,14,5,77.9,4.17
S001,2025-05-20,0,1,97.73,9.13
S002,2025-05-20,10,0,86.96,4.0
S003,2025-05-20,5,3,89.64,4.39
S004,2025-05-20,12,2,71.5,3.39
S001,2025-05-21,0,1,97.93,9.07
S002,2025-05-21,6,2,92.35,6.4
S003,2025-05-21,8,1,91.63,5.59
S004,2025-05-21,15,4,74.17,2.31
S001,2025-05-22,2,1,99.17,7.99
S002,2025-05-22,10,1,91.8,4.91
S003,2025-05-22,7,2,85.55,6.73
S004,2025-05-22,21,4,81.44,2.81
S001,2025-05-23,2,0,100.0,10.0
S002,2025-05-23,6,0,90.86,4.27
S003,2025-05-23,8,2,87.18,7.35
S004,2025-05-23,19,6,76.04,1.58
S001,2025-05-24,2,0,96.61,10.0
S002,2025-05-24,13,1,96.48,6.11
S003,2025-05-24,5,1,94.91,5.06
S004,2025-05-24,18,3,74.16,4.03
S001,2025-05-25,1,0,99.13,10.0
S002,2025-05-25,8,1,88.47,6.1
S003,2025-05-25,7,0,92.17,6.1
S004,2025-05-25,6,3,73.98,2.93
S001,2025-05-26,3,1,97.16,9.18
S002,2025-05-26,5,2,91.74,7.45
S003,2025-05-26,6,3,92.72,5.15
S004,2025-05-26,26,5,72.66,4.65
S001,2025-05-27,4,0,97.5,8.86
S002,2025-05-27,9,3,91.71,6.12
S003,2025-05-27,11,1,93.09,5.65
S004,2025-05-27,17,4,75.78,2.62
S001,2025-05-28,3,0,97.26,10.0
S002,2025-05-28,9,0,88.3,4.0
S003,2025-05-28,4,0,89.59,4.63
S004,2025-05-28,15,1,76.33,2.59
S001,2025-05-29,3,2,98.79,8.74
S002,2025-05-29,12,0,85.79,5.9
S003,2025-05-29,13,1,89.45,4.27
S004,2025-05-29,19,6,79.16,2.37
S001,2025-05-30,1,0,98.08,8.14
S002,2025-05-30,3,1,88.53,5.35
S003,2025-05-30,8,2,89.14,6.22
S004,2025-05-30,10,5,76.6,1.5
S001,2025-05-31,2,0,98.09,9.93
S002,2025-05-31,9,2,88.91,7.14
S003,2025-05-31,9,1,87.62,4.0
S004,2025-05-31,15,4,80.54,3.36
S001,2025-06-01,3,0,99.14,8.58
S002,2025-06-01,9,0,90.71,4.0
S003,2025-06-01,6,2,88.44,4.74
S004,2025-06-01,19,4,74.04,3.04
S001,2025-06-02,4,1,99.16,9.35
S002,2025-06-02,7,0,87.96,5.42
S003,2025-06-02,1,0,84.06,5.95
S004,2025-06-02,19,7,77.66,2.04
S001,2025-06-03,0,0,96.73,8.29
S002,2025-06-03,6,0,91.02,5.72
S003,2025-06-03,7,3,86.46,6.5
S004,2025-06-03,14,4,79.54,3.88
S001,2025-06-04,1,0,98.28,8.78
S002,2025-06-04,8,2,95.5,4.16
S003,2025-06-04,6,0,91.81,4.06
S004,2025-06-04,16,3,73.06,1.55
S001,2025-06-05,1,1,97.97,9.5
S002,2025-06-05,11,2,88.32,6.56
S003,2025-06-05,5,1,85.44,7.11
S004,2025-06-05,13,5,71.86,3.44
S001,2025-06-06,1,0,98.88,9.63
S002,2025-06-06,6,0,98.98,8.1
S003,2025-06-06,9,1,89.66,5.35
S004,2025-06-06,21,5,72.86,2.53
S001,2025-06-07,3,2,99.53,9.61
S002,2025-06-07,6,0,90.89,6.0
S003,2025-06-07,7,2,86.02,6.67
S004,2025-06-07,18,6,79.79,3.6
S001,2025-06-08,1,0,98.09,9.09
S002,2025-06-08,9,2,96.23,8.65
S003,2025-06-08,7,0,93.71,5.35
S004,2025-06-08,10,4,74.21,3.61
S001,2025-06-09,0,0,98.34,9.5
S002,2025-06-09,8,1,87.07,5.39
S003,2025-06-09,7,3,83.86,5.74
S004,2025-06-09,8,1,79.87,3.54
S001,2025-06-10,2,1,97.52,8.65
S002,2025-06-10,13,1,92.21,6.01
S003,2025-06-10,1,0,88.26,7.27
S004,2025-06-10,18,6,72.05,4.62
S001,2025-06-11,1,0,97.99,8.86
S002,2025-06-11,11,1,85.95,6.02
S003,2025-06-11,5,6,92.03,5.51
S004,2025-06-11,9,1,71.9,3.11
S001,2025-06-12,3,1,98.23,8.74
S002,2025-06-12,7,1,95.16,5.77
S003,2025-06-12,6,0,89.41,7.0
S004,2025-06-12,9,3,79.17,1.52
S001,2025-06-13,3,0,97.61,8.1
S002,2025-06-13,8,4,92.34,4.96
S003,2025-06-13,10,1,94.12,6.97
S004,2025-06-13,3,2,79.78,3.15
S001,2025-06-14,0,0,96.09,8.93
S002,2025-06-14,13,2,96.57,7.06
S003,2025-06-14,10,4,91.13,5.78
S004,2025-06-14,20,7,74.08,2.28
S001,2025-06-15,2,1,98.8,7.86
S002,2025-06-15,12,1,89.2,4.92
S003,2025-06-15,15,2,87.45,7.04
S004,2025-06-15,18,4,79.36,2.17
S001,2025-06-16,1,0,96.68,10.0
S002,2025-06-16,11,2,94.99,5.81
S003,2025-06-16,6,2,89.63,5.74
S004,2025-06-16,20,5,78.85,4.03
S001,2025-06-17,2,0,96.65,9.12
S002,2025-06-17,6,2,89.95,9.1
S003,2025-06-17,3,0,91.0,5.55
S004,2025-06-17,16,6,81.14,1.49
S001,2025-06-18,1,1,98.77,10.0
S002,2025-06-18,9,1,87.33,5.32
S003,2025-06-18,5,2,90.77,4.41
S004,2025-06-18,12,6,77.41,3.57
S001,2025-06-19,2,2,98.24,8.69
S002,2025-06-19,4,2,82.68,5.78
S003,2025-06-19,6,0,87.22,6.97
S004,2025-06-19,16,5,77.23,3.09
S001,2025-06-20,3,0,96.54,10.0
S002,2025-06-20,8,1,86.24,6.48
S003,2025-06-20,6,3,88.96,5.0
S004,2025-06-20,19,6,76.67,3.68
S001,2025-06-21,1,1,99.16,9.5
S002,2025-06-21,6,3,82.91,8.46
S003,2025-06-21,1,1,89.88,5.82
S004,2025-06-21,20,2,77.04,2.42
S001,2025-06-22,2,0,98.09,8.56
S002,2025-06-22,5,2,92.83,5.28
S003,2025-06-22,4,2,89.9,7.0
S004,2025-06-22,10,1,73.87,2.23
S001,2025-06-23,1,0,98.74,8.77
S002,2025-06-23,7,2,90.58,5.97
S003,2025-06-23,8,1,94.2,5.72
S004,2025-06-23,8,5,72.6,3.67
S001,2025-06-24,4,0,98.33,7.6
S002,2025-06-24,8,0,88.13,4.68
S003,2025-06-24,9,3,90.07,4.96
S004,2025-06-24,22,3,67.35,3.46
S001,2025-06-25,0,1,97.62,9.48
S002,2025-06-25,11,0,88.3,5.91
S003,2025-06-25,11,1,88.22,6.57
S004,2025-06-25,12,5,69.79,5.21
S001,2025-06-26,0,0,97.97,10.0
S002,2025-06-26,3,4,92.27,6.5
S003,2025-06-26,4,2,87.83,7.52
S004,2025-06-26,10,4,73.78,2.01
S001,2025-06-27,2,1,99.21,7.58
S002,2025-06-27,10,5,88.65,8.27
S003,2025-06-27,6,0,89.08,7.26
S004,2025-06-27,10,3,78.37,3.0
S001,2025-06-28,2,1,98.48,8.65
S002,2025-06-28,7,0,93.87,5.24
S003,2025-06-28,10,1,90.61,5.41
S004,2025-06-28,9,1,71.78,2.68
S001,2025-06-29,2,1,97.55,8.29
S002,2025-06-29,2,2,94.15,7.52
S003,2025-06-29,9,2,95.09,6.4
S004,2025-06-29,18,4,70.55,2.32
S001,2025-06-30,1,0,99.93,9.07
S002,2025-06-30,10,1,89.06,4.41
S003,2025-06-30,4,2,90.02,7.13
S004,2025-06-30,15,4,84.59,2.91
S001,2025-07-01,3,0,98.71,9.74
S002,2025-07-01,7,0,90.05,7.48
S003,2025-07-01,8,2,84.83,5.14
S004,2025-07-01,17,5,80.86,2.86
S001,2025-07-02,2,0,97.01,7.2
S002,2025-07-02,8,2,88.15,4.06
S003,2025-07-02,8,1,91.67,8.24
S004,2025-07-02,4,3,75.16,4.45
S001,2025-07-03,0,2,98.14,8.92
S002,2025-07-03,6,1,93.14,4.72
S003,2025-07-03,8,1,87.71,9.1
S004,2025-07-03,17,6,80.55,1.58
S001,2025-07-04,3,0,97.23,8.63
S002,2025-07-04,8,2,89.5,5.99
S003,2025-07-04,4,0,92.18,6.83
S004,2025-07-04,22,3,78.77,2.72
S001,2025-07-05,3,1,98.21,8.73
S002,2025-07-05,9,2,87.95,4.41
S003,2025-07-05,6,3,93.44,4.67
S004,2025-07-05,9,7,71.46,3.51
S001,2025-07-06,1,2,97.23,9.91
S002,2025-07-06,7,2,84.09,4.0
S003,2025-07-06,6,2,86.62,4.69
S004,2025-07-06,17,6,75.45,3.78
S001,2025-07-07,0,0,99.65,9.05
S002,2025-07-07,7,4,85.8,6.96
S003,2025-07-07,11,1,92.58,4.82
S004,2025-07-07,11,5,79.19,4.12
S001,2025-07-08,3,0,99.19,8.73
S002,2025-07-08,9,2,91.34,6.51
S003,2025-07-08,2,0,90.31,4.0
S004,2025-07-08,19,6,77.31,1.88
S001,2025-07-09,3,2,98.15,9.41
S002,2025-07-09,7,2,89.64,5.96
S003,2025-07-09,9,4,85.8,5.88
S004,2025-07-09,9,8,73.65,1.56
S001,2025-07-10,2,2,98.66,9.16
S002,2025-07-10,8,3,87.38,5.87
S003,2025-07-10,5,0,89.01,7.33
S004,2025-07-10,17,6,76.59,3.52
S001,2025-07-11,1,0,98.19,9.22
S002,2025-07-11,7,1,88.87,9.79
S003,2025-07-11,9,2,89.3,5.46
S004,2025-07-11,14,5,68.48,1.43
S001,2025-07-12,1,0,97.76,10.0
S002,2025-07-12,2,1,94.56,6.16
S003,2025-07-12,9,4,87.92,5.88
S004,2025-07-12,13,1,74.76,3.88
S001,2025-07-13,2,1,97.62,8.48
S002,2025-07-13,10,1,90.88,6.2
S003,2025-07-13,11,3,86.11,4.57
S004,2025-07-13,17,4,74.18,4.02
S001,2025-07-14,2,0,98.78,8.7
S002,2025-07-14,11,1,91.97,7.72
S003,2025-07-14,2,1,93.43,7.39
S004,2025-07-14,14,3,79.82,4.18
S001,2025-07-15,0,0,98.23,9.5
S002,2025-07-15,6,2,87.87,4.0
S003,2025-07-15,5,2,89.17,4.61
S004,2025-07-15,5,3,79.59,4.26
S001,2025-07-16,3,0,96.85,9.4
S002,2025-07-16,8,2,83.96,4.96
S003,2025-07-16,6,2,92.3,6.17
S004,2025-07-16,16,5,78.74,3.31
S001,2025-07-17,2,0,98.08,9.39
S002,2025-07-17,7,2,94.03,6.32
S003,2025-07-17,5,3,85.9,4.7
S004,2025-07-17,16,6,71.02,2.62
S001,2025-07-18,1,0,98.94,9.57
S002,2025-07-18,6,1,85.95,7.7
S003,2025-07-18,8,1,92.16,5.92
S004,2025-07-18,13,5,73.03,2.66
S001,2025-07-19,2,0,98.67,10.0
S002,2025-07-19,4,0,83.99,5.82
S003,2025-07-19,5,2,90.4,4.08
S004,2025-07-19,5,5,76.54,2.57
S001,2025-07-20,0,1,99.27,9.22
S002,2025-07-20,4,2,85.9,7.27
S003,2025-07-20,7,0,89.1,6.56
S004,2025-07-20,13,4,71.1,3.57
S001,2025-07-21,1,0,97.63,9.78
S002,2025-07-21,5,4,91.29,6.41
S003,2025-07-21,6,1,89.21,5.64
S004,2025-07-21,17,3,71.7,1.88
S001,2025-07-22,4,1,98.3,8.15
S002,2025-07-22,8,1,90.64,4.83
S003,2025-07-22,7,1,87.7,6.88
S004,2025-07-22,7,6,78.74,2.12
S001,2025-07-23,1,0,98.28,8.88
S002,2025-07-23,8,4,88.48,4.0
S003,2025-07-23,9,4,91.18,4.69
S004,2025-07-23,14,2,78.57,1.65
S001,2025-07-24,1,0,98.13,8.71
S002,2025-07-24,7,2,87.04,6.75
S003,2025-07-24,6,0,96.72,6.57
S004,2025-07-24,14,7,83.37,2.85
S001,2025-07-25,2,0,97.85,8.84
S002,2025-07-25,7,2,91.68,6.29
S003,2025-07-25,3,0,88.36,5.66
S004,2025-07-25,20,2,74.57,3.95
S001,2025-07-26,1,1,97.86,9.21
S002,2025-07-26,6,2,85.36,5.56
S003,2025-07-26,7,2,94.48,5.53
S004,2025-07-26,22,3,81.31,3.82
S001,2025-07-27,1,1,97.95,9.5
S002,2025-07-27,6,1,94.11,5.88
S003,2025-07-27,9,1,95.0,5.19
S004,2025-07-27,11,8,74.22,4.6
S001,2025-07-28,2,0,96.19,8.98
S002,2025-07-28,7,3,94.77,5.18
S003,2025-07-28,9,2,93.22,6.6
S004,2025-07-28,5,4,71.38,2.8
S001,2025-07-29,2,1,99.15,9.27
S002,2025-07-29,3,0,90.45,5.74
S003,2025-07-29,4,0,87.8,5.77
S004,2025-07-29,18,5,82.43,1.96
S001,2025-07-30,2,0,98.69,8.65
S002,2025-07-30,10,2,87.96,5.99
S003,2025-07-30,6,2,86.46,5.96
S004,2025-07-30,16,5,81.39,3.77
S001,2025-07-31,1,0,98.3,9.32
S002,2025-07-31,1,1,85.55,7.53
S003,2025-07-31,6,1,92.69,6.51
S004,2025-07-31,9,4,74.66,1.26
S001,2025-08-01,1,0,97.89,7.81
S002,2025-08-01,10,1,90.11,6.48
S003,2025-08-01,4,2,88.9,4.92
S004,2025-08-01,17,7,78.9,3.92
S001,2025-08-02,1,0,99.49,10.0
S002,2025-08-02,11,1,86.54,4.72
S003,2025-08-02,1,1,94.82,5.83
S004,2025-08-02,16,7,74.38,5.04
S001,2025-08-03,3,0,97.42,9.56
S002,2025-08-03,5,0,93.84,7.46
S003,2025-08-03,7,0,86.31,6.13
S004,2025-08-03,12,4,80.09,3.73
S001,2025-08-04,3,0,97.66,9.61
S002,2025-08-04,8,3,91.26,8.22
S003,2025-08-04,8,3,89.03,6.02
S004,2025-08-04,19,8,78.92,2.92
S001,2025-08-05,3,0,96.58,9.55
S002,2025-08-05,7,2,90.19,6.69
S003,2025-08-05,4,2,92.98,7.46
S004,2025-08-05,25,5,77.1,1.48
S001,2025-08-06,1,0,99.05,8.51
S002,2025-08-06,9,1,89.47,6.3
S003,2025-08-06,5,1,84.89,5.7
S004,2025-08-06,12,3,77.67,3.66
S001,2025-08-07,2,1,98.58,8.76
S002,2025-08-07,5,2,91.72,7.68
S003,2025-08-07,10,1,89.69,6.81
S004,2025-08-07,20,6,75.74,1.75
S001,2025-08-08,1,1,98.34,8.12
S002,2025-08-08,7,2,86.55,7.33
S003,2025-08-08,5,3,88.4,4.77
S004,2025-08-08,12,4,74.45,2.78
S001,2025-08-09,2,0,97.93,7.63
S002,2025-08-09,8,1,94.83,4.87
S003,2025-08-09,1,2,91.04,4.79
S004,2025-08-09,7,8,81.66,1.0
S001,2025-08-10,1,2,97.52,8.61
S002,2025-08-10,6,0,84.89,7.26
S003,2025-08-10,1,2,92.66,4.26
S004,2025-08-10,10,7,78.13,2.38
S001,2025-08-11,3,1,98.27,8.28
S002,2025-08-11,5,2,89.43,7.13
S003,2025-08-11,2,0,90.54,5.41
S004,2025-08-11,11,1,76.08,2.95
S001,2025-08-12,2,0,97.87,9.94
S002,2025-08-12,3,2,84.99,4.99
S003,2025-08-12,3,2,89.8,5.98
S004,2025-08-12,9,4,72.95,3.38
S001,2025-08-13,1,1,96.32,8.35
S002,2025-08-13,12,1,86.06,6.26
S003,2025-08-13,5,0,86.71,9.32
S004,2025-08-13,13,1,81.97,3.61
S001,2025-08-14,1,0,98.67,8.8
S002,2025-08-14,1,4,88.7,7.79
S003,2025-08-14,10,0,93.1,5.22
S004,2025-08-14,5,4,77.59,2.54
S001,2025-08-15,1,1,98.11,8.33
S002,2025-08-15,9,2,82.44,6.51
S003,2025-08-15,8,2,92.68,5.19
S004,2025-08-15,16,1,77.63,4.95
S001,2025-08-16,1,0,97.29,9.1
S002,2025-08-16,3,2,92.54,6.64
S003,2025-08-16,1,3,92.81,7.0
S004,2025-08-16,16,5,80.13,4.92
S001,2025-08-17,1,1,97.91,8.9
S002,2025-08-17,2,1,87.01,5.44
S003,2025-08-17,3,1,88.78,6.12
S004,2025-08-17,6,2,77.45,2.2
S001,2025-08-18,3,1,98.61,10.0
S002,2025-08-18,6,1,92.62,6.61
S003,2025-08-18,6,3,89.36,6.04
S004,2025-08-18,15,3,76.31,4.4
S001,2025-08-19,2,0,97.84,9.26
S002,2025-08-19,9,2,89.0,6.39
S003,2025-08-19,8,0,90.5,4.0
S004,2025-08-19,17,6,78.99,2.6
S001,2025-08-20,2,2,99.41,8.98
S002,2025-08-20,7,3,85.5,5.61
S003,2025-08-20,11,3,91.11,4.19
S004,2025-08-20,14,3,77.32,2.19
S001,2025-08-21,0,0,99.22,8.68
S002,2025-08-21,7,1,86.8,4.49
S003,2025-08-21,3,1,91.1,5.05
S004,2025-08-21,23,7,79.23,2.88
S001,2025-08-22,3,0,97.97,9.14
S002,2025-08-22,9,2,88.57,5.36
S003,2025-08-22,8,2,88.82,4.1
S004,2025-08-22,13,6,83.22,1.8
S001,2025-08-23,1,0,99.36,8.97
S002,2025-08-23,4,2,88.79,4.53
S003,2025-08-23,4,4,91.15,6.13
S004,2025-08-23,13,5,77.12,3.29
S001,2025-08-24,2,1,98.02,8.22
S002,2025-08-24,5,0,96.08,7.04
S003,2025-08-24,4,1,88.09,7.85
S004,2025-08-24,7,5,75.57,3.83
S001,2025-08-25,1,0,97.75,8.22
S002,2025-08-25,7,3,84.78,5.04
S003,2025-08-25,5,1,92.22,5.79
S004,2025-08-25,17,3,76.92,3.78
S001,2025-08-26,1,1,98.05,9.84
S002,2025-08-26,6,2,89.88,5.88
S003,2025-08-26,7,2,86.25,7.72
S004,2025-08-26,5,3,75.62,3.41
S001,2025-08-27,3,0,97.49,7.3
S002,2025-08-27,7,2,94.77,6.14
S003,2025-08-27,10,2,88.69,4.31
S004,2025-08-27,16,2,81.18,2.84
S001,2025-08-28,3,0,98.27,9.17
S002,2025-08-28,6,1,91.18,4.89
S003,2025-08-28,3,3,92.18,6.08
S004,2025-08-28,23,4,81.29,3.18
S001,2025-08-29,0,2,98.99,8.9
S002,2025-08-29,9,1,92.49,4.0
S003,2025-08-29,3,3,89.25,6.25
S004,2025-08-29,8,8,80.76,2.8
S001,2025-08-30,1,1,99.98,9.76
S002,2025-08-30,13,0,87.54,4.57
S003,2025-08-30,8,2,89.54,6.97
S004,2025-08-30,21,1,73.61,3.82
S001,2025-08-31,1,0,99.02,7.97
S002,2025-08-31,6,2,88.28,6.94
S003,2025-08-31,5,3,89.62,6.81
S004,2025-08-31,18,3,67.79,3.36
